municipio_ibge,uso_de_praticas_convencionais,qual_o_nivel_de_degradacao_que_predomina_nas_pastagens_,total_respostas
Abreulândia,Aração,Não possui degradação,1
Abreulândia,Aração,Pouco degradado,3
Abreulândia,Gradagem,Não possui degradação,1
Abreulândia,Gradagem,Pouco degradado,3
Abreulândia,Plantio convencional,Pouco degradado,1
Abreulândia,Uso de agrotóxicos,Pouco degradado,1
Aliança do Tocantins,Aração,Degradação Média,4
Aliança do Tocantins,Aração,Muito degradado,1
Aliança do Tocantins,Aração,Não possui degradação,1
Aliança do Tocantins,Gradagem,Degradação Média,4
Aliança do Tocantins,Gradagem,Muito degradado,1
Aliança do Tocantins,Gradagem,Não possui degradação,1
Aliança do Tocantins,Monocultura,Degradação Média,2
Aliança do Tocantins,Não usa,Pouco degradado,1
Aliança do Tocantins,Plantio convencional,Degradação Média,4
Aliança do Tocantins,Plantio convencional,Muito degradado,1
Aliança do Tocantins,Plantio convencional,Não possui degradação,1
Aliança do Tocantins,Plantio convencional,Pouco degradado,1
Aliança do Tocantins,Queimadas,Não possui degradação,1
Aliança do Tocantins,Uso de agrotóxicos,Degradação Média,2
Aliança do Tocantins,Uso de agrotóxicos,Muito degradado,1
Aliança do Tocantins,Uso de agrotóxicos,Não possui degradação,1
Aliança do Tocantins,Uso de agrotóxicos,Pouco degradado,1
Almas,Aração,Não possui degradação,4
Almas,Gradagem,Não possui degradação,4
Almas,Pastagem nativa,Não possui degradação,4
Almas,Plantio convencional,Não possui degradação,5
Almas,Plantio convencional,Pouco degradado,1
Almas,Roça de toco,Não possui degradação,3
Almas,Roça de toco,Pouco degradado,1
Almas,Uso de agrotóxicos,Não possui degradação,1
Alvorada,Monocultura,Pouco degradado,1
Alvorada,Não usa,Não possui degradação,2
Alvorada,Não usa,Pouco degradado,1
Alvorada,Plantio convencional,Não possui degradação,5
Alvorada,Plantio convencional,Pouco degradado,1
Ananás,Aração,Não possui degradação,4
Ananás,Aração,Pouco degradado,6
Ananás,Gradagem,Não possui degradação,4
Ananás,Gradagem,Pouco degradado,6
Ananás,Não usa,Pouco degradado,1
Ananás,Queimadas,Não possui degradação,5
Ananás,Queimadas,Pouco degradado,3
Ananás,Roça de toco,Não possui degradação,2
Ananás,Roça de toco,Pouco degradado,3
Ananás,Uso de agrotóxicos,Não possui degradação,1
Angico,Aração,Degradação Média,3
Angico,Aração,Não possui degradação,1
Angico,Gradagem,Degradação Média,3
Angico,Gradagem,Não possui degradação,1
Angico,Monocultura,Não possui degradação,1
Angico,Plantio convencional,Degradação Média,2
Angico,Queimadas,Degradação Média,2
Angico,Queimadas,Não possui degradação,1
Angico,Roça de toco,Degradação Média,3
Angico,Uso de agrotóxicos,Degradação Média,3
Angico,Uso de agrotóxicos,Não possui degradação,1
Aparecida do Rio Negro,Aração,Não possui degradação,1
Aparecida do Rio Negro,Aração,Pouco degradado,1
Aparecida do Rio Negro,Gradagem,Não possui degradação,1
Aparecida do Rio Negro,Gradagem,Pouco degradado,1
Aparecida do Rio Negro,Pastagem nativa,Não possui degradação,1
Aparecida do Rio Negro,Plantio convencional,Não possui degradação,1
Aparecida do Rio Negro,Plantio convencional,Pouco degradado,1
Aparecida do Rio Negro,Roça de toco,Não possui degradação,1
Aragominas,Aração,Pouco degradado,3
Aragominas,Gradagem,Pouco degradado,3
Aragominas,Monocultura,Degradação Média,1
Aragominas,Plantio convencional,Pouco degradado,1
Aragominas,Queimadas,Não possui degradação,1
Aragominas,Queimadas,Pouco degradado,3
Aragominas,Roça de toco,Degradação Média,1
Aragominas,Roça de toco,Pouco degradado,2
Aragominas,Uso de agrotóxicos,Degradação Média,2
Aragominas,Uso de agrotóxicos,Não possui degradação,1
Aragominas,Uso de agrotóxicos,Pouco degradado,3
Araguanã,Aração,Degradação Média,1
Araguanã,Aração,Não possui degradação,6
Araguanã,Aração,Pouco degradado,8
Araguanã,Gradagem,Degradação Média,1
Araguanã,Gradagem,Não possui degradação,6
Araguanã,Gradagem,Pouco degradado,8
Araguanã,Monocultura,Degradação Média,1
Araguanã,Monocultura,Não possui degradação,3
Araguanã,Monocultura,Pouco degradado,6
Araguanã,Pastagem nativa,Pouco degradado,1
Araguanã,Plantio convencional,Degradação Média,1
Araguanã,Plantio convencional,Não possui degradação,5
Araguanã,Plantio convencional,Pouco degradado,9
Araguanã,Queimadas,Degradação Média,1
Araguanã,Queimadas,Não possui degradação,3
Araguanã,Queimadas,Pouco degradado,7
Araguanã,Roça de toco,Degradação Média,1
Araguanã,Roça de toco,Não possui degradação,6
Araguanã,Roça de toco,Pouco degradado,10
Araguanã,Uso de agrotóxicos,Não possui degradação,1
Araguanã,Uso de agrotóxicos,Pouco degradado,2
Araguatins,Aração,Muito degradado,1
Araguatins,Aração,Não possui degradação,3
Araguatins,Gradagem,Muito degradado,1
Araguatins,Gradagem,Não possui degradação,3
Araguatins,Monocultura,Não possui degradação,3
Araguatins,Não usa,Não possui degradação,1
Araguatins,Pastagem nativa,Não possui degradação,2
Araguatins,Plantio convencional,Muito degradado,1
Araguatins,Plantio convencional,Não possui degradação,3
Araguatins,Queimadas,Não possui degradação,3
Araguatins,Roça de toco,Não possui degradação,3
Araguatins,Uso de agrotóxicos,Muito degradado,1
Araguatins,Uso de agrotóxicos,Não possui degradação,3
Araguaçu,Aração,Degradação Média,2
Araguaçu,Aração,Pouco degradado,2
Araguaçu,Gradagem,Degradação Média,2
Araguaçu,Gradagem,Pouco degradado,2
Araguaçu,Monocultura,Degradação Média,2
Araguaçu,Monocultura,Pouco degradado,1
Araguaçu,Não usa,Pouco degradado,1
Araguaçu,Pastagem nativa,Degradação Média,1
Araguaçu,Plantio convencional,Degradação Média,1
Araguaçu,Plantio convencional,Pouco degradado,1
Araguaçu,Roça de toco,Não possui degradação,1
Araguaína,Aração,Degradação Média,2
Araguaína,Aração,Não possui degradação,5
Araguaína,Aração,Pouco degradado,18
Araguaína,Gradagem,Degradação Média,2
Araguaína,Gradagem,Não possui degradação,5
Araguaína,Gradagem,Pouco degradado,18
Araguaína,Monocultura,Degradação Média,1
Araguaína,Monocultura,Não possui degradação,1
Araguaína,Monocultura,Pouco degradado,3
Araguaína,Pastagem nativa,Não possui degradação,1
Araguaína,Pastagem nativa,Pouco degradado,3
Araguaína,Plantio convencional,Não possui degradação,5
Araguaína,Plantio convencional,Pouco degradado,7
Araguaína,Queimadas,Pouco degradado,5
Araguaína,Roça de toco,Não possui degradação,2
Araguaína,Roça de toco,Pouco degradado,3
Araguaína,Uso de agrotóxicos,Degradação Média,2
Araguaína,Uso de agrotóxicos,Não possui degradação,5
Araguaína,Uso de agrotóxicos,Pouco degradado,20
Aurora do Tocantins,Aração,Não possui degradação,1
Aurora do Tocantins,Aração,Pouco degradado,4
Aurora do Tocantins,Gradagem,Não possui degradação,1
Aurora do Tocantins,Gradagem,Pouco degradado,4
Aurora do Tocantins,Não usa,Pouco degradado,1
Aurora do Tocantins,Pastagem nativa,Pouco degradado,1
Aurora do Tocantins,Roça de toco,Pouco degradado,1
Aurora do Tocantins,Uso de agrotóxicos,Não possui degradação,1
Aurora do Tocantins,Uso de agrotóxicos,Pouco degradado,1
Axixá do Tocantins,Aração,Não possui degradação,5
Axixá do Tocantins,Aração,Pouco degradado,6
Axixá do Tocantins,Gradagem,Não possui degradação,5
Axixá do Tocantins,Gradagem,Pouco degradado,6
Axixá do Tocantins,Não usa,Pouco degradado,2
Axixá do Tocantins,Plantio convencional,Degradação Média,1
Axixá do Tocantins,Plantio convencional,Não possui degradação,4
Axixá do Tocantins,Plantio convencional,Pouco degradado,10
Axixá do Tocantins,Queimadas,Pouco degradado,3
Axixá do Tocantins,Roça de toco,Degradação Média,1
Axixá do Tocantins,Uso de agrotóxicos,Degradação Média,1
Axixá do Tocantins,Uso de agrotóxicos,Não possui degradação,8
Axixá do Tocantins,Uso de agrotóxicos,Pouco degradado,9
Babaçulândia,Aração,Pouco degradado,4
Babaçulândia,Gradagem,Pouco degradado,4
Babaçulândia,Pastagem nativa,Degradação Média,1
Babaçulândia,Pastagem nativa,Pouco degradado,4
Babaçulândia,Plantio convencional,Degradação Média,1
Babaçulândia,Plantio convencional,Pouco degradado,4
Babaçulândia,Queimadas,Pouco degradado,1
Babaçulândia,Roça de toco,Degradação Média,1
Babaçulândia,Roça de toco,Pouco degradado,3
Bandeirantes do Tocantins,Aração,Degradação Média,2
Bandeirantes do Tocantins,Aração,Pouco degradado,2
Bandeirantes do Tocantins,Gradagem,Degradação Média,2
Bandeirantes do Tocantins,Gradagem,Pouco degradado,2
Bandeirantes do Tocantins,Monocultura,Degradação Média,1
Bandeirantes do Tocantins,Monocultura,Pouco degradado,2
Bandeirantes do Tocantins,Pastagem nativa,Degradação Média,1
Bandeirantes do Tocantins,Queimadas,Degradação Média,1
Bandeirantes do Tocantins,Uso de agrotóxicos,Degradação Média,3
Bandeirantes do Tocantins,Uso de agrotóxicos,Pouco degradado,3
Barrolândia,Aração,Não possui degradação,2
Barrolândia,Aração,Pouco degradado,7
Barrolândia,Gradagem,Não possui degradação,2
Barrolândia,Gradagem,Pouco degradado,7
Barrolândia,Não usa,Degradação Média,1
Barrolândia,Pastagem nativa,Pouco degradado,1
Barrolândia,Plantio convencional,Não possui degradação,1
Barrolândia,Plantio convencional,Pouco degradado,9
Barrolândia,Roça de toco,Não possui degradação,1
Barrolândia,Roça de toco,Pouco degradado,1
Barrolândia,Uso de agrotóxicos,Não possui degradação,1
Barrolândia,Uso de agrotóxicos,Pouco degradado,6
Bom Jesus do Tocantins,Aração,Não possui degradação,3
Bom Jesus do Tocantins,Aração,Pouco degradado,2
Bom Jesus do Tocantins,Gradagem,Não possui degradação,3
Bom Jesus do Tocantins,Gradagem,Pouco degradado,2
Bom Jesus do Tocantins,Pastagem nativa,Não possui degradação,1
Bom Jesus do Tocantins,Plantio convencional,Não possui degradação,1
Bom Jesus do Tocantins,Queimadas,Pouco degradado,1
Bom Jesus do Tocantins,Roça de toco,Não possui degradação,1
Cachoeirinha,Aração,Pouco degradado,2
Cachoeirinha,Gradagem,Pouco degradado,2
Cachoeirinha,Monocultura,Pouco degradado,1
Cachoeirinha,Pastagem nativa,Pouco degradado,1
Cachoeirinha,Uso de agrotóxicos,Pouco degradado,1
Cariri do Tocantins,Aração,Degradação Média,2
Cariri do Tocantins,Aração,Pouco degradado,2
Cariri do Tocantins,Gradagem,Degradação Média,2
Cariri do Tocantins,Gradagem,Pouco degradado,2
Cariri do Tocantins,Plantio convencional,Degradação Média,2
Cariri do Tocantins,Plantio convencional,Pouco degradado,4
Cariri do Tocantins,Uso de agrotóxicos,Degradação Média,2
Cariri do Tocantins,Uso de agrotóxicos,Pouco degradado,1
Carmolândia,Aração,Não possui degradação,1
Carmolândia,Aração,Pouco degradado,1
Carmolândia,Gradagem,Não possui degradação,1
Carmolândia,Gradagem,Pouco degradado,1
Carmolândia,Pastagem nativa,Não possui degradação,1
Carmolândia,Pastagem nativa,Pouco degradado,1
Carmolândia,Plantio convencional,Pouco degradado,1
Carmolândia,Roça de toco,Não possui degradação,1
Carmolândia,Roça de toco,Pouco degradado,1
Caseara,Aração,Não possui degradação,3
Caseara,Aração,Pouco degradado,1
Caseara,Gradagem,Não possui degradação,3
Caseara,Gradagem,Pouco degradado,1
Caseara,Monocultura,Não possui degradação,1
Caseara,Não usa,Não possui degradação,3
Caseara,Pastagem nativa,Não possui degradação,2
Caseara,Pastagem nativa,Pouco degradado,1
Caseara,Plantio convencional,Não possui degradação,7
Caseara,Roça de toco,Não possui degradação,3
Caseara,Roça de toco,Pouco degradado,1
Caseara,Uso de agrotóxicos,Não possui degradação,2
Caseara,Uso de agrotóxicos,Pouco degradado,1
Centenário,Aração,Não possui degradação,1
Centenário,Gradagem,Não possui degradação,1
Centenário,Roça de toco,Não possui degradação,1
Chapada da Natividade,Aração,Degradação Média,4
Chapada da Natividade,Aração,Pouco degradado,5
Chapada da Natividade,Gradagem,Degradação Média,4
Chapada da Natividade,Gradagem,Pouco degradado,5
Chapada da Natividade,Monocultura,Degradação Média,1
Chapada da Natividade,Monocultura,Pouco degradado,1
Chapada da Natividade,Não usa,Pouco degradado,2
Chapada da Natividade,Pastagem nativa,Degradação Média,2
Chapada da Natividade,Pastagem nativa,Pouco degradado,2
Chapada da Natividade,Plantio convencional,Degradação Média,1
Chapada da Natividade,Plantio convencional,Pouco degradado,3
Chapada da Natividade,Queimadas,Degradação Média,2
Chapada da Natividade,Queimadas,Pouco degradado,3
Chapada da Natividade,Roça de toco,Degradação Média,3
Chapada da Natividade,Roça de toco,Pouco degradado,4
Chapada da Natividade,Uso de agrotóxicos,Pouco degradado,1
Chapada de Areia,Aração,Degradação Média,1
Chapada de Areia,Aração,Não possui degradação,3
Chapada de Areia,Aração,Pouco degradado,2
Chapada de Areia,Gradagem,Degradação Média,1
Chapada de Areia,Gradagem,Não possui degradação,3
Chapada de Areia,Gradagem,Pouco degradado,2
Chapada de Areia,Pastagem nativa,Degradação Média,2
Chapada de Areia,Plantio convencional,Degradação Média,6
Chapada de Areia,Plantio convencional,Muito degradado,1
Chapada de Areia,Plantio convencional,Não possui degradação,5
Chapada de Areia,Plantio convencional,Pouco degradado,9
Chapada de Areia,Roça de toco,Muito degradado,1
Chapada de Areia,Uso de agrotóxicos,Não possui degradação,2
Chapada de Areia,Uso de agrotóxicos,Pouco degradado,1
Colméia,Aração,Degradação Média,1
Colméia,Aração,Não possui degradação,2
Colméia,Aração,Pouco degradado,3
Colméia,Gradagem,Degradação Média,1
Colméia,Gradagem,Não possui degradação,2
Colméia,Gradagem,Pouco degradado,3
Colméia,Plantio convencional,Pouco degradado,4
Colméia,Queimadas,Pouco degradado,1
Colméia,Uso de agrotóxicos,Degradação Média,1
Colméia,Uso de agrotóxicos,Não possui degradação,2
Colméia,Uso de agrotóxicos,Pouco degradado,3
Couto Magalhães,Aração,Degradação Média,1
Couto Magalhães,Aração,Não possui degradação,1
Couto Magalhães,Aração,Pouco degradado,5
Couto Magalhães,Gradagem,Degradação Média,1
Couto Magalhães,Gradagem,Não possui degradação,1
Couto Magalhães,Gradagem,Pouco degradado,5
Couto Magalhães,Monocultura,Degradação Média,1
Couto Magalhães,Pastagem nativa,Pouco degradado,3
Couto Magalhães,Plantio convencional,Degradação Média,1
Couto Magalhães,Plantio convencional,Pouco degradado,5
Couto Magalhães,Queimadas,Degradação Média,1
Couto Magalhães,Roça de toco,Degradação Média,1
Couto Magalhães,Uso de agrotóxicos,Não possui degradação,1
Cristalândia,Aração,Degradação Média,2
Cristalândia,Aração,Não possui degradação,6
Cristalândia,Aração,Pouco degradado,8
Cristalândia,Gradagem,Degradação Média,2
Cristalândia,Gradagem,Não possui degradação,6
Cristalândia,Gradagem,Pouco degradado,8
Cristalândia,Não usa,Degradação Média,1
Cristalândia,Não usa,Não possui degradação,1
Cristalândia,Não usa,Pouco degradado,1
Cristalândia,Pastagem nativa,Não possui degradação,2
Cristalândia,Plantio convencional,Não possui degradação,1
Cristalândia,Queimadas,Não possui degradação,1
Cristalândia,Queimadas,Pouco degradado,2
Cristalândia,Uso de agrotóxicos,Degradação Média,1
Cristalândia,Uso de agrotóxicos,Não possui degradação,2
Cristalândia,Uso de agrotóxicos,Pouco degradado,3
Crixás do Tocantins,Aração,Degradação Média,1
Crixás do Tocantins,Gradagem,Degradação Média,1
Crixás do Tocantins,Monocultura,Degradação Média,1
Crixás do Tocantins,Plantio convencional,Degradação Média,2
Crixás do Tocantins,Uso de agrotóxicos,Degradação Média,2
Dianópolis,Aração,Degradação Média,3
Dianópolis,Aração,Não possui degradação,15
Dianópolis,Aração,Pouco degradado,3
Dianópolis,Controle biológico de pragas e doenças.,Pouco degradado,1
Dianópolis,Gradagem,Degradação Média,3
Dianópolis,Gradagem,Não possui degradação,15
Dianópolis,Gradagem,Pouco degradado,3
Dianópolis,Monocultura,Não possui degradação,1
Dianópolis,Não usa,Degradação Média,1
Dianópolis,Não usa,Não possui degradação,1
Dianópolis,Pastagem nativa,Degradação Média,2
Dianópolis,Pastagem nativa,Não possui degradação,6
Dianópolis,Pastagem nativa,Pouco degradado,4
Dianópolis,Plantio convencional,Degradação Média,2
Dianópolis,Plantio convencional,Não possui degradação,11
Dianópolis,Plantio convencional,Pouco degradado,4
Dianópolis,Queimadas,Não possui degradação,5
Dianópolis,Queimadas,Pouco degradado,1
Dianópolis,Roça de toco,Não possui degradação,14
Dianópolis,Roça de toco,Pouco degradado,2
Dianópolis,Uso de agrotóxicos,Degradação Média,1
Dianópolis,Uso de agrotóxicos,Não possui degradação,4
Dianópolis,Uso de agrotóxicos,Pouco degradado,1
Divinópolis do Tocantins,Aração,Degradação Média,1
Divinópolis do Tocantins,Aração,Não possui degradação,9
Divinópolis do Tocantins,Aração,Pouco degradado,10
Divinópolis do Tocantins,Gradagem,Degradação Média,1
Divinópolis do Tocantins,Gradagem,Não possui degradação,9
Divinópolis do Tocantins,Gradagem,Pouco degradado,10
Divinópolis do Tocantins,Não usa,Pouco degradado,1
Divinópolis do Tocantins,Pastagem nativa,Não possui degradação,2
Divinópolis do Tocantins,Pastagem nativa,Pouco degradado,4
Divinópolis do Tocantins,Plantio convencional,Não possui degradação,9
Divinópolis do Tocantins,Plantio convencional,Pouco degradado,4
Divinópolis do Tocantins,Roça de toco,Não possui degradação,1
Divinópolis do Tocantins,Uso de agrotóxicos,Não possui degradação,2
Divinópolis do Tocantins,Uso de agrotóxicos,Pouco degradado,2
Dueré,Aração,Degradação Média,1
Dueré,Aração,Muito degradado,1
Dueré,Gradagem,Degradação Média,1
Dueré,Gradagem,Muito degradado,1
Dueré,Pastagem nativa,Muito degradado,1
Dueré,Plantio convencional,Degradação Média,2
Dueré,Plantio convencional,Não possui degradação,1
Dueré,Plantio convencional,Pouco degradado,1
Esperantina,Aração,Não possui degradação,1
Esperantina,Gradagem,Não possui degradação,1
Esperantina,Monocultura,Não possui degradação,1
Esperantina,Não usa,Não possui degradação,1
Esperantina,Pastagem nativa,Não possui degradação,1
Esperantina,Plantio convencional,Não possui degradação,1
Esperantina,Queimadas,Não possui degradação,1
Esperantina,Roça de toco,Não possui degradação,2
Figueirópolis,Aração,Não possui degradação,1
Figueirópolis,Aração,Pouco degradado,5
Figueirópolis,Gradagem,Não possui degradação,1
Figueirópolis,Gradagem,Pouco degradado,5
Figueirópolis,Monocultura,Pouco degradado,3
Figueirópolis,Plantio convencional,Não possui degradação,4
Figueirópolis,Plantio convencional,Pouco degradado,5
Figueirópolis,Uso de agrotóxicos,Não possui degradação,3
Figueirópolis,Uso de agrotóxicos,Pouco degradado,5
Filadélfia,Aração,Degradação Média,3
Filadélfia,Aração,Muito degradado,1
Filadélfia,Aração,Não possui degradação,3
Filadélfia,Aração,Pouco degradado,6
Filadélfia,Gradagem,Degradação Média,3
Filadélfia,Gradagem,Muito degradado,1
Filadélfia,Gradagem,Não possui degradação,3
Filadélfia,Gradagem,Pouco degradado,6
Filadélfia,Monocultura,Degradação Média,1
Filadélfia,Monocultura,Não possui degradação,3
Filadélfia,Monocultura,Pouco degradado,4
Filadélfia,Não usa,Degradação Média,1
Filadélfia,Não usa,Muito degradado,1
Filadélfia,Não usa,Não possui degradação,1
Filadélfia,Plantio convencional,Degradação Média,2
Filadélfia,Plantio convencional,Muito degradado,2
Filadélfia,Plantio convencional,Não possui degradação,1
Filadélfia,Plantio convencional,Pouco degradado,5
Filadélfia,Queimadas,Não possui degradação,3
Filadélfia,Queimadas,Pouco degradado,3
Filadélfia,Roça de toco,Não possui degradação,1
Filadélfia,Roça de toco,Pouco degradado,2
Filadélfia,Uso de agrotóxicos,Não possui degradação,3
Filadélfia,Uso de agrotóxicos,Pouco degradado,9
Fortaleza do Tabocão,Aração,Pouco degradado,3
Fortaleza do Tabocão,Gradagem,Pouco degradado,3
Fortaleza do Tabocão,Plantio convencional,Pouco degradado,1
Fortaleza do Tabocão,Uso de agrotóxicos,Pouco degradado,6
Fátima,Aração,Degradação Média,3
Fátima,Aração,Pouco degradado,3
Fátima,Gradagem,Degradação Média,3
Fátima,Gradagem,Pouco degradado,3
Fátima,Monocultura,Degradação Média,1
Fátima,Monocultura,Pouco degradado,1
Fátima,Pastagem nativa,Pouco degradado,1
Fátima,Plantio convencional,Degradação Média,1
Fátima,Plantio convencional,Pouco degradado,2
Fátima,Uso de agrotóxicos,Degradação Média,2
Goiatins,Aração,Pouco degradado,7
Goiatins,Gradagem,Pouco degradado,7
Goiatins,Pastagem nativa,Pouco degradado,7
Goiatins,Plantio convencional,Pouco degradado,4
Goiatins,Queimadas,Pouco degradado,6
Goiatins,Roça de toco,Pouco degradado,1
Goiatins,Uso de agrotóxicos,Pouco degradado,1
Guaraí,Aração,Não possui degradação,8
Guaraí,Aração,Pouco degradado,6
Guaraí,Gradagem,Não possui degradação,8
Guaraí,Gradagem,Pouco degradado,6
Guaraí,Monocultura,Não possui degradação,2
Guaraí,Não usa,Não possui degradação,3
Guaraí,Pastagem nativa,Pouco degradado,3
Guaraí,Plantio convencional,Não possui degradação,2
Guaraí,Plantio convencional,Pouco degradado,4
Guaraí,Queimadas,Pouco degradado,1
Guaraí,Roça de toco,Pouco degradado,2
Guaraí,Uso de agrotóxicos,Não possui degradação,7
Guaraí,Uso de agrotóxicos,Pouco degradado,7
Gurupi,Aração,Degradação Média,1
Gurupi,Aração,Não possui degradação,4
Gurupi,Aração,Pouco degradado,9
Gurupi,Gradagem,Degradação Média,1
Gurupi,Gradagem,Não possui degradação,4
Gurupi,Gradagem,Pouco degradado,9
Gurupi,Pastagem nativa,Degradação Média,1
Gurupi,Plantio convencional,Degradação Média,2
Gurupi,Plantio convencional,Não possui degradação,2
Gurupi,Plantio convencional,Pouco degradado,7
Gurupi,Uso de agrotóxicos,Não possui degradação,1
Ipueiras,Aração,Degradação Média,1
Ipueiras,Aração,Não possui degradação,1
Ipueiras,Aração,Pouco degradado,2
Ipueiras,Gradagem,Degradação Média,1
Ipueiras,Gradagem,Não possui degradação,1
Ipueiras,Gradagem,Pouco degradado,2
Ipueiras,Monocultura,Degradação Média,1
Ipueiras,Pastagem nativa,Não possui degradação,1
Ipueiras,Pastagem nativa,Pouco degradado,2
Ipueiras,Plantio convencional,Degradação Média,1
Ipueiras,Plantio convencional,Pouco degradado,3
Ipueiras,Roça de toco,Pouco degradado,1
Ipueiras,Uso de agrotóxicos,Degradação Média,1
Ipueiras,Uso de agrotóxicos,Pouco degradado,3
Itaguatins,Aração,Não possui degradação,2
Itaguatins,Aração,Pouco degradado,2
Itaguatins,Gradagem,Não possui degradação,2
Itaguatins,Gradagem,Pouco degradado,2
Itaguatins,Pastagem nativa,Não possui degradação,1
Itaguatins,Plantio convencional,Não possui degradação,1
Itaguatins,Plantio convencional,Pouco degradado,2
Itaguatins,Uso de agrotóxicos,Pouco degradado,2
Itaporã do Tocantins,Plantio convencional,Não possui degradação,2
Itaporã do Tocantins,Uso de agrotóxicos,Não possui degradação,2
Jaú do Tocantins,Aração,Degradação Média,2
Jaú do Tocantins,Aração,Pouco degradado,1
Jaú do Tocantins,Gradagem,Degradação Média,2
Jaú do Tocantins,Gradagem,Pouco degradado,1
Jaú do Tocantins,Monocultura,Pouco degradado,1
Jaú do Tocantins,Pastagem nativa,Degradação Média,2
Jaú do Tocantins,Pastagem nativa,Pouco degradado,1
Jaú do Tocantins,Plantio convencional,Degradação Média,3
Jaú do Tocantins,Plantio convencional,Pouco degradado,3
Jaú do Tocantins,Queimadas,Degradação Média,1
Jaú do Tocantins,Queimadas,Pouco degradado,2
Jaú do Tocantins,Uso de agrotóxicos,Degradação Média,3
Jaú do Tocantins,Uso de agrotóxicos,Pouco degradado,2
Lagoa da Confusão,Aração,Degradação Média,1
Lagoa da Confusão,Aração,Não possui degradação,4
Lagoa da Confusão,Aração,Pouco degradado,1
Lagoa da Confusão,Gradagem,Degradação Média,1
Lagoa da Confusão,Gradagem,Não possui degradação,4
Lagoa da Confusão,Gradagem,Pouco degradado,1
Lagoa da Confusão,Pastagem nativa,Degradação Média,1
Lagoa da Confusão,Pastagem nativa,Não possui degradação,2
Lagoa da Confusão,Plantio convencional,Não possui degradação,3
Lagoa da Confusão,Roça de toco,Degradação Média,1
Lagoa da Confusão,Roça de toco,Pouco degradado,1
Lagoa da Confusão,Uso de agrotóxicos,Degradação Média,1
Lagoa da Confusão,Uso de agrotóxicos,Não possui degradação,3
Lajeado,Aração,Não possui degradação,1
Lajeado,Gradagem,Não possui degradação,1
Luzinópolis,Aração,Degradação Média,2
Luzinópolis,Aração,Não possui degradação,2
Luzinópolis,Gradagem,Degradação Média,2
Luzinópolis,Gradagem,Não possui degradação,2
Luzinópolis,Monocultura,Degradação Média,1
Luzinópolis,Monocultura,Não possui degradação,1
Luzinópolis,Pastagem nativa,Não possui degradação,2
Luzinópolis,Plantio convencional,Não possui degradação,2
Luzinópolis,Queimadas,Degradação Média,1
Luzinópolis,Queimadas,Não possui degradação,1
Luzinópolis,Roça de toco,Degradação Média,1
Luzinópolis,Uso de agrotóxicos,Degradação Média,3
Luzinópolis,Uso de agrotóxicos,Não possui degradação,2
Marianópolis do Tocantins,Aração,Degradação Média,2
Marianópolis do Tocantins,Aração,Não possui degradação,7
Marianópolis do Tocantins,Aração,Pouco degradado,1
Marianópolis do Tocantins,Gradagem,Degradação Média,2
Marianópolis do Tocantins,Gradagem,Não possui degradação,7
Marianópolis do Tocantins,Gradagem,Pouco degradado,1
Marianópolis do Tocantins,Monocultura,Degradação Média,2
Marianópolis do Tocantins,Monocultura,Muito degradado,1
Marianópolis do Tocantins,Não usa,Degradação Média,3
Marianópolis do Tocantins,Pastagem nativa,Degradação Média,5
Marianópolis do Tocantins,Pastagem nativa,Muito degradado,2
Marianópolis do Tocantins,Plantio convencional,Degradação Média,11
Marianópolis do Tocantins,Plantio convencional,Muito degradado,1
Marianópolis do Tocantins,Plantio convencional,Não possui degradação,3
Marianópolis do Tocantins,Uso de agrotóxicos,Degradação Média,9
Marianópolis do Tocantins,Uso de agrotóxicos,Não possui degradação,3
Marianópolis do Tocantins,Uso de agrotóxicos,Pouco degradado,1
Miracema do Tocantins,Aração,Degradação Média,1
Miracema do Tocantins,Aração,Não possui degradação,4
Miracema do Tocantins,Aração,Pouco degradado,8
Miracema do Tocantins,Gradagem,Degradação Média,1
Miracema do Tocantins,Gradagem,Não possui degradação,4
Miracema do Tocantins,Gradagem,Pouco degradado,8
Miracema do Tocantins,Pastagem nativa,Não possui degradação,1
Miracema do Tocantins,Pastagem nativa,Pouco degradado,3
Miracema do Tocantins,Plantio convencional,Degradação Média,2
Miracema do Tocantins,Plantio convencional,Não possui degradação,2
Miracema do Tocantins,Plantio convencional,Pouco degradado,8
Miracema do Tocantins,Roça de toco,Pouco degradado,1
Miracema do Tocantins,Uso de agrotóxicos,Degradação Média,1
Miracema do Tocantins,Uso de agrotóxicos,Não possui degradação,1
Miracema do Tocantins,Uso de agrotóxicos,Pouco degradado,6
Miranorte,Aração,Não possui degradação,27
Miranorte,Aração,Pouco degradado,7
Miranorte,Gradagem,Não possui degradação,27
Miranorte,Gradagem,Pouco degradado,7
Miranorte,Monocultura,Não possui degradação,1
Miranorte,Monocultura,Pouco degradado,1
Miranorte,Não usa,Não possui degradação,1
Miranorte,Não usa,Pouco degradado,3
Miranorte,Pastagem nativa,Pouco degradado,1
Miranorte,Plantio convencional,Não possui degradação,14
Miranorte,Plantio convencional,Pouco degradado,1
Miranorte,Roça de toco,Não possui degradação,1
Miranorte,Uso de agrotóxicos,Não possui degradação,30
Miranorte,Uso de agrotóxicos,Pouco degradado,3
Monte Santo do Tocantins,Aração,Degradação Média,1
Monte Santo do Tocantins,Aração,Não possui degradação,4
Monte Santo do Tocantins,Aração,Pouco degradado,2
Monte Santo do Tocantins,Gradagem,Degradação Média,1
Monte Santo do Tocantins,Gradagem,Não possui degradação,4
Monte Santo do Tocantins,Gradagem,Pouco degradado,2
Monte Santo do Tocantins,Monocultura,Pouco degradado,1
Monte Santo do Tocantins,Pastagem nativa,Pouco degradado,3
Monte Santo do Tocantins,Plantio convencional,Degradação Média,2
Monte Santo do Tocantins,Plantio convencional,Não possui degradação,4
Monte Santo do Tocantins,Plantio convencional,Pouco degradado,2
Monte Santo do Tocantins,Roça de toco,Pouco degradado,2
Monte Santo do Tocantins,Uso de agrotóxicos,Não possui degradação,2
Monte Santo do Tocantins,Uso de agrotóxicos,Pouco degradado,2
Monte do Carmo,Aração,Degradação Média,1
Monte do Carmo,Aração,Pouco degradado,1
Monte do Carmo,Gradagem,Degradação Média,1
Monte do Carmo,Gradagem,Pouco degradado,1
Monte do Carmo,Monocultura,Degradação Média,1
Monte do Carmo,Monocultura,Pouco degradado,5
Monte do Carmo,Pastagem nativa,Degradação Média,1
Monte do Carmo,Plantio convencional,Degradação Média,2
Monte do Carmo,Plantio convencional,Pouco degradado,5
Monte do Carmo,Roça de toco,Degradação Média,1
Monte do Carmo,Roça de toco,Pouco degradado,5
Monte do Carmo,Uso de agrotóxicos,Degradação Média,1
Muricilândia,Aração,Degradação Média,2
Muricilândia,Aração,Pouco degradado,1
Muricilândia,Gradagem,Degradação Média,2
Muricilândia,Gradagem,Pouco degradado,1
Muricilândia,Queimadas,Degradação Média,2
Muricilândia,Queimadas,Pouco degradado,4
Muricilândia,Roça de toco,Degradação Média,1
Muricilândia,Roça de toco,Pouco degradado,2
Muricilândia,Uso de agrotóxicos,Degradação Média,1
Muricilândia,Uso de agrotóxicos,Pouco degradado,4
Nova Olinda,Aração,Degradação Média,5
Nova Olinda,Aração,Não possui degradação,6
Nova Olinda,Aração,Pouco degradado,4
Nova Olinda,Gradagem,Degradação Média,5
Nova Olinda,Gradagem,Não possui degradação,6
Nova Olinda,Gradagem,Pouco degradado,4
Nova Olinda,Monocultura,Degradação Média,5
Nova Olinda,Monocultura,Não possui degradação,1
Nova Olinda,Monocultura,Pouco degradado,2
Nova Olinda,Pastagem nativa,Degradação Média,4
Nova Olinda,Pastagem nativa,Não possui degradação,5
Nova Olinda,Pastagem nativa,Pouco degradado,4
Nova Olinda,Plantio convencional,Degradação Média,5
Nova Olinda,Plantio convencional,Não possui degradação,3
Nova Olinda,Plantio convencional,Pouco degradado,3
Nova Olinda,Queimadas,Degradação Média,1
Nova Olinda,Roça de toco,Não possui degradação,4
Nova Olinda,Roça de toco,Pouco degradado,3
Nova Olinda,Uso de agrotóxicos,Degradação Média,4
Nova Olinda,Uso de agrotóxicos,Não possui degradação,4
Nova Olinda,Uso de agrotóxicos,Pouco degradado,2
Nova Rosalândia,Aração,Degradação Média,7
Nova Rosalândia,Gradagem,Degradação Média,7
Nova Rosalândia,Monocultura,Degradação Média,2
Nova Rosalândia,Não usa,Degradação Média,1
Nova Rosalândia,Pastagem nativa,Degradação Média,1
Nova Rosalândia,Plantio convencional,Degradação Média,12
Nova Rosalândia,Queimadas,Degradação Média,3
Nova Rosalândia,Roça de toco,Degradação Média,1
Novo Acordo,Aração,Pouco degradado,3
Novo Acordo,Gradagem,Pouco degradado,3
Novo Acordo,Não usa,Pouco degradado,1
Novo Acordo,Pastagem nativa,Pouco degradado,3
Novo Acordo,Plantio convencional,Pouco degradado,3
Novo Acordo,Roça de toco,Muito degradado,1
Novo Acordo,Roça de toco,Pouco degradado,2
Novo Acordo,Uso de agrotóxicos,Pouco degradado,1
Novo Jardim,Aração,Não possui degradação,6
Novo Jardim,Aração,Pouco degradado,1
Novo Jardim,Gradagem,Não possui degradação,6
Novo Jardim,Gradagem,Pouco degradado,1
Novo Jardim,Monocultura,Não possui degradação,1
Novo Jardim,Plantio convencional,Não possui degradação,4
Novo Jardim,Plantio convencional,Pouco degradado,1
Novo Jardim,Queimadas,Não possui degradação,1
Novo Jardim,Roça de toco,Não possui degradação,3
Novo Jardim,Uso de agrotóxicos,Não possui degradação,1
Palmas,Aração,Não possui degradação,2
Palmas,Gradagem,Não possui degradação,2
Palmas,Pastagem nativa,Não possui degradação,2
Palmas,Plantio convencional,Não possui degradação,1
Palmas,Plantio convencional,Pouco degradado,1
Palmas,Roça de toco,Não possui degradação,1
Palmas,Uso de agrotóxicos,Não possui degradação,1
Palmeiras do Tocantins,Aração,Não possui degradação,5
Palmeiras do Tocantins,Aração,Pouco degradado,8
Palmeiras do Tocantins,Gradagem,Não possui degradação,5
Palmeiras do Tocantins,Gradagem,Pouco degradado,8
Palmeiras do Tocantins,Plantio convencional,Degradação Média,1
Palmeiras do Tocantins,Plantio convencional,Não possui degradação,4
Palmeiras do Tocantins,Plantio convencional,Pouco degradado,8
Palmeiras do Tocantins,Uso de agrotóxicos,Degradação Média,1
Palmeiras do Tocantins,Uso de agrotóxicos,Não possui degradação,4
Palmeiras do Tocantins,Uso de agrotóxicos,Pouco degradado,7
Palmeirópolis,Aração,Pouco degradado,2
Palmeirópolis,Gradagem,Pouco degradado,2
Palmeirópolis,Plantio convencional,Pouco degradado,1
Palmeirópolis,Uso de agrotóxicos,Pouco degradado,1
Paranã,Aração,Degradação Média,2
Paranã,Aração,Não possui degradação,7
Paranã,Aração,Pouco degradado,13
Paranã,Gradagem,Degradação Média,2
Paranã,Gradagem,Não possui degradação,7
Paranã,Gradagem,Pouco degradado,13
Paranã,Monocultura,Não possui degradação,1
Paranã,Pastagem nativa,Degradação Média,3
Paranã,Pastagem nativa,Não possui degradação,12
Paranã,Pastagem nativa,Pouco degradado,12
Paranã,Plantio convencional,Degradação Média,2
Paranã,Plantio convencional,Não possui degradação,4
Paranã,Plantio convencional,Pouco degradado,12
Paranã,Queimadas,Degradação Média,3
Paranã,Queimadas,Pouco degradado,12
Paranã,Roça de toco,Degradação Média,1
Paranã,Roça de toco,Não possui degradação,14
Paranã,Roça de toco,Pouco degradado,1
Paranã,Uso de agrotóxicos,Não possui degradação,1
Paranã,Uso de agrotóxicos,Pouco degradado,3
Paraíso do Tocantins,Aração,Não possui degradação,1
Paraíso do Tocantins,Aração,Pouco degradado,4
Paraíso do Tocantins,Gradagem,Não possui degradação,1
Paraíso do Tocantins,Gradagem,Pouco degradado,4
Paraíso do Tocantins,Monocultura,Pouco degradado,4
Paraíso do Tocantins,Plantio convencional,Degradação Média,1
Paraíso do Tocantins,Plantio convencional,Pouco degradado,10
Paraíso do Tocantins,Queimadas,Pouco degradado,1
Paraíso do Tocantins,Roça de toco,Pouco degradado,2
Paraíso do Tocantins,Uso de agrotóxicos,Não possui degradação,1
Paraíso do Tocantins,Uso de agrotóxicos,Pouco degradado,4
Pedro Afonso,Aração,Degradação Média,2
Pedro Afonso,Aração,Não possui degradação,5
Pedro Afonso,Aração,Pouco degradado,3
Pedro Afonso,Gradagem,Degradação Média,2
Pedro Afonso,Gradagem,Não possui degradação,5
Pedro Afonso,Gradagem,Pouco degradado,3
Pedro Afonso,Pastagem nativa,Não possui degradação,2
Pedro Afonso,Roça de toco,Não possui degradação,2
Peixe,Aração,Degradação Média,3
Peixe,Aração,Pouco degradado,9
Peixe,Gradagem,Degradação Média,3
Peixe,Gradagem,Pouco degradado,9
Peixe,Plantio convencional,Degradação Média,1
Peixe,Plantio convencional,Pouco degradado,8
Peixe,Roça de toco,Pouco degradado,1
Peixe,Uso de agrotóxicos,Degradação Média,1
Peixe,Uso de agrotóxicos,Pouco degradado,4
Piraquê,Aração,Degradação Média,2
Piraquê,Aração,Não possui degradação,4
Piraquê,Aração,Pouco degradado,11
Piraquê,Gradagem,Degradação Média,2
Piraquê,Gradagem,Não possui degradação,4
Piraquê,Gradagem,Pouco degradado,11
Piraquê,Pastagem nativa,Pouco degradado,2
Piraquê,Plantio convencional,Não possui degradação,1
Piraquê,Plantio convencional,Pouco degradado,2
Piraquê,Queimadas,Não possui degradação,1
Piraquê,Queimadas,Pouco degradado,4
Piraquê,Roça de toco,Degradação Média,1
Piraquê,Roça de toco,Não possui degradação,2
Piraquê,Roça de toco,Pouco degradado,3
Piraquê,Uso de agrotóxicos,Degradação Média,2
Piraquê,Uso de agrotóxicos,Não possui degradação,5
Piraquê,Uso de agrotóxicos,Pouco degradado,10
Pium,Aração,Degradação Média,3
Pium,Aração,Não possui degradação,8
Pium,Aração,Pouco degradado,10
Pium,Gradagem,Degradação Média,3
Pium,Gradagem,Não possui degradação,8
Pium,Gradagem,Pouco degradado,10
Pium,Não usa,Não possui degradação,2
Pium,Não usa,Pouco degradado,1
Pium,Pastagem nativa,Degradação Média,2
Pium,Pastagem nativa,Não possui degradação,3
Pium,Pastagem nativa,Pouco degradado,5
Pium,Plantio convencional,Degradação Média,1
Pium,Queimadas,Pouco degradado,1
Pium,Roça de toco,Degradação Média,1
Pium,Roça de toco,Pouco degradado,2
Pium,Uso de agrotóxicos,Degradação Média,1
Pium,Uso de agrotóxicos,Não possui degradação,4
Pium,Uso de agrotóxicos,Pouco degradado,5
Ponte Alta do Bom Jesus,Aração,Degradação Média,1
Ponte Alta do Bom Jesus,Aração,Não possui degradação,2
Ponte Alta do Bom Jesus,Aração,Pouco degradado,5
Ponte Alta do Bom Jesus,Gradagem,Degradação Média,1
Ponte Alta do Bom Jesus,Gradagem,Não possui degradação,2
Ponte Alta do Bom Jesus,Gradagem,Pouco degradado,5
Ponte Alta do Bom Jesus,Não usa,Pouco degradado,2
Ponte Alta do Bom Jesus,Pastagem nativa,Degradação Média,1
Ponte Alta do Bom Jesus,Pastagem nativa,Pouco degradado,1
Ponte Alta do Bom Jesus,Plantio convencional,Degradação Média,2
Ponte Alta do Bom Jesus,Plantio convencional,Não possui degradação,1
Ponte Alta do Bom Jesus,Plantio convencional,Pouco degradado,2
Ponte Alta do Bom Jesus,Roça de toco,Degradação Média,1
Ponte Alta do Bom Jesus,Roça de toco,Pouco degradado,1
Porto Alegre do Tocantins,Aração,Degradação Média,4
Porto Alegre do Tocantins,Gradagem,Degradação Média,4
Porto Alegre do Tocantins,Roça de toco,Degradação Média,2
Porto Alegre do Tocantins,Uso de agrotóxicos,Degradação Média,1
Praia Norte,Uso de agrotóxicos,Degradação Média,1
Pugmil,Aração,Não possui degradação,1
Pugmil,Aração,Pouco degradado,2
Pugmil,Gradagem,Não possui degradação,1
Pugmil,Gradagem,Pouco degradado,2
Pugmil,Plantio convencional,Não possui degradação,1
Pugmil,Plantio convencional,Pouco degradado,2
Pugmil,Uso de agrotóxicos,Não possui degradação,1
Pugmil,Uso de agrotóxicos,Pouco degradado,2
Riachinho,Aração,Não possui degradação,5
Riachinho,Aração,Pouco degradado,2
Riachinho,Gradagem,Não possui degradação,5
Riachinho,Gradagem,Pouco degradado,2
Riachinho,Plantio convencional,Não possui degradação,4
Riachinho,Plantio convencional,Pouco degradado,1
Riachinho,Roça de toco,Não possui degradação,2
Riachinho,Roça de toco,Pouco degradado,1
Riachinho,Uso de agrotóxicos,Não possui degradação,2
Rio Sono,Aração,Não possui degradação,4
Rio Sono,Aração,Pouco degradado,4
Rio Sono,Gradagem,Não possui degradação,4
Rio Sono,Gradagem,Pouco degradado,4
Rio Sono,Não usa,Não possui degradação,2
Rio Sono,Pastagem nativa,Não possui degradação,4
Rio Sono,Plantio convencional,Não possui degradação,8
Rio Sono,Plantio convencional,Pouco degradado,1
Rio Sono,Queimadas,Pouco degradado,1
Rio Sono,Roça de toco,Não possui degradação,6
Rio Sono,Uso de agrotóxicos,Não possui degradação,1
Rio Sono,Uso de agrotóxicos,Pouco degradado,2
Rio da Conceição,Aração,Muito degradado,1
Rio da Conceição,Aração,Não possui degradação,1
Rio da Conceição,Gradagem,Muito degradado,1
Rio da Conceição,Gradagem,Não possui degradação,1
Rio da Conceição,Não usa,Pouco degradado,1
Rio da Conceição,Pastagem nativa,Não possui degradação,1
Rio da Conceição,Plantio convencional,Muito degradado,1
Rio da Conceição,Uso de agrotóxicos,Muito degradado,1
Rio da Conceição,Uso de agrotóxicos,Não possui degradação,1
Rio dos Bois,Aração,Não possui degradação,3
Rio dos Bois,Aração,Pouco degradado,5
Rio dos Bois,Gradagem,Não possui degradação,3
Rio dos Bois,Gradagem,Pouco degradado,5
Rio dos Bois,Monocultura,Pouco degradado,2
Rio dos Bois,Pastagem nativa,Não possui degradação,1
Rio dos Bois,Plantio convencional,Não possui degradação,1
Rio dos Bois,Uso de agrotóxicos,Não possui degradação,3
Rio dos Bois,Uso de agrotóxicos,Pouco degradado,7
Santa Fé do Araguaia,Aração,Degradação Média,2
Santa Fé do Araguaia,Aração,Muito degradado,1
Santa Fé do Araguaia,Aração,Pouco degradado,6
Santa Fé do Araguaia,Gradagem,Degradação Média,2
Santa Fé do Araguaia,Gradagem,Muito degradado,1
Santa Fé do Araguaia,Gradagem,Pouco degradado,6
Santa Fé do Araguaia,Plantio convencional,Muito degradado,1
Santa Fé do Araguaia,Plantio convencional,Pouco degradado,1
Santa Fé do Araguaia,Queimadas,Pouco degradado,3
Santa Fé do Araguaia,Roça de toco,Degradação Média,1
Santa Fé do Araguaia,Roça de toco,Muito degradado,1
Santa Fé do Araguaia,Uso de agrotóxicos,Degradação Média,2
Santa Fé do Araguaia,Uso de agrotóxicos,Muito degradado,1
Santa Fé do Araguaia,Uso de agrotóxicos,Pouco degradado,6
Santa Maria do Tocantins,Aração,Pouco degradado,2
Santa Maria do Tocantins,Gradagem,Pouco degradado,2
Santa Maria do Tocantins,Pastagem nativa,Pouco degradado,2
Santa Maria do Tocantins,Uso de agrotóxicos,Pouco degradado,1
Santa Rita do Tocantins,Aração,Degradação Média,1
Santa Rita do Tocantins,Aração,Muito degradado,1
Santa Rita do Tocantins,Aração,Pouco degradado,2
Santa Rita do Tocantins,Gradagem,Degradação Média,1
Santa Rita do Tocantins,Gradagem,Muito degradado,1
Santa Rita do Tocantins,Gradagem,Pouco degradado,2
Santa Rita do Tocantins,Monocultura,Degradação Média,1
Santa Rita do Tocantins,Monocultura,Muito degradado,1
Santa Rita do Tocantins,Monocultura,Pouco degradado,2
Santa Rita do Tocantins,Plantio convencional,Degradação Média,1
Santa Rita do Tocantins,Plantio convencional,Muito degradado,1
Santa Rita do Tocantins,Plantio convencional,Pouco degradado,2
Santa Rita do Tocantins,Uso de agrotóxicos,Degradação Média,1
Santa Rita do Tocantins,Uso de agrotóxicos,Pouco degradado,1
Santa Terezinha do Tocantins,Aração,Degradação Média,1
Santa Terezinha do Tocantins,Aração,Não possui degradação,2
Santa Terezinha do Tocantins,Aração,Pouco degradado,1
Santa Terezinha do Tocantins,Gradagem,Degradação Média,1
Santa Terezinha do Tocantins,Gradagem,Não possui degradação,2
Santa Terezinha do Tocantins,Gradagem,Pouco degradado,1
Santa Terezinha do Tocantins,Pastagem nativa,Não possui degradação,2
Santa Terezinha do Tocantins,Pastagem nativa,Pouco degradado,1
Santa Terezinha do Tocantins,Plantio convencional,Não possui degradação,2
Santa Terezinha do Tocantins,Plantio convencional,Pouco degradado,1
Santa Terezinha do Tocantins,Queimadas,Não possui degradação,2
Santa Terezinha do Tocantins,Roça de toco,Pouco degradado,1
Santa Terezinha do Tocantins,Uso de agrotóxicos,Degradação Média,1
Santa Terezinha do Tocantins,Uso de agrotóxicos,Não possui degradação,2
Santa Terezinha do Tocantins,Uso de agrotóxicos,Pouco degradado,1
Silvanópolis,Aração,Degradação Média,5
Silvanópolis,Aração,Pouco degradado,5
Silvanópolis,Gradagem,Degradação Média,5
Silvanópolis,Gradagem,Pouco degradado,5
Silvanópolis,Monocultura,Degradação Média,1
Silvanópolis,Monocultura,Muito degradado,1
Silvanópolis,Pastagem nativa,Degradação Média,3
Silvanópolis,Pastagem nativa,Muito degradado,1
Silvanópolis,Pastagem nativa,Pouco degradado,4
Silvanópolis,Plantio convencional,Degradação Média,3
Silvanópolis,Plantio convencional,Pouco degradado,4
Silvanópolis,Queimadas,Muito degradado,1
Silvanópolis,Queimadas,Pouco degradado,1
Silvanópolis,Roça de toco,Degradação Média,1
Silvanópolis,Uso de agrotóxicos,Degradação Média,2
Silvanópolis,Uso de agrotóxicos,Pouco degradado,4
Sucupira,Aração,Muito degradado,1
Sucupira,Aração,Não possui degradação,2
Sucupira,Aração,Pouco degradado,2
Sucupira,Gradagem,Muito degradado,1
Sucupira,Gradagem,Não possui degradação,2
Sucupira,Gradagem,Pouco degradado,2
Sucupira,Não usa,Pouco degradado,1
Sucupira,Pastagem nativa,Não possui degradação,1
Sucupira,Queimadas,Pouco degradado,1
São Bento do Tocantins,Aração,Pouco degradado,1
São Bento do Tocantins,Gradagem,Pouco degradado,1
São Bento do Tocantins,Monocultura,Pouco degradado,1
São Bento do Tocantins,Uso de agrotóxicos,Pouco degradado,1
São Miguel do Tocantins,Aração,Degradação Média,1
São Miguel do Tocantins,Gradagem,Degradação Média,1
São Miguel do Tocantins,Monocultura,Degradação Média,1
São Miguel do Tocantins,Queimadas,Degradação Média,1
São Miguel do Tocantins,Uso de agrotóxicos,Degradação Média,1
São Salvador do Tocantins,Aração,Degradação Média,2
São Salvador do Tocantins,Aração,Não possui degradação,2
São Salvador do Tocantins,Gradagem,Degradação Média,2
São Salvador do Tocantins,Gradagem,Não possui degradação,2
São Salvador do Tocantins,Plantio convencional,Degradação Média,2
São Salvador do Tocantins,Plantio convencional,Não possui degradação,1
São Salvador do Tocantins,Uso de agrotóxicos,Não possui degradação,1
Sítio Novo do Tocantins,Aração,Degradação Média,5
Sítio Novo do Tocantins,Gradagem,Degradação Média,5
Sítio Novo do Tocantins,Uso de agrotóxicos,Degradação Média,5
Talismã,Aração,Degradação Média,1
Talismã,Aração,Não possui degradação,2
Talismã,Gradagem,Degradação Média,1
Talismã,Gradagem,Não possui degradação,2
Talismã,Não usa,Não possui degradação,3
Talismã,Plantio convencional,Degradação Média,1
Talismã,Plantio convencional,Não possui degradação,9
Talismã,Queimadas,Não possui degradação,1
Talismã,Queimadas,Pouco degradado,1
Talismã,Roça de toco,Pouco degradado,1
Tocantínia,Aração,Degradação Média,1
Tocantínia,Aração,Não possui degradação,1
Tocantínia,Aração,Pouco degradado,2
Tocantínia,Gradagem,Degradação Média,1
Tocantínia,Gradagem,Não possui degradação,1
Tocantínia,Gradagem,Pouco degradado,2
Tocantínia,Pastagem nativa,Não possui degradação,1
Tocantínia,Pastagem nativa,Pouco degradado,2
Tocantínia,Plantio convencional,Não possui degradação,1
Tocantínia,Queimadas,Não possui degradação,1
Tocantínia,Queimadas,Pouco degradado,1
Tocantínia,Uso de agrotóxicos,Pouco degradado,1
Tupirama,Aração,Pouco degradado,1
Tupirama,Gradagem,Pouco degradado,1
Wanderlândia,Aração,Não possui degradação,1
Wanderlândia,Aração,Pouco degradado,2
Wanderlândia,Gradagem,Não possui degradação,1
Wanderlândia,Gradagem,Pouco degradado,2
Wanderlândia,Plantio convencional,Pouco degradado,1
Wanderlândia,Queimadas,Pouco degradado,1
Wanderlândia,Roça de toco,Pouco degradado,1
Wanderlândia,Uso de agrotóxicos,Não possui degradação,1
Wanderlândia,Uso de agrotóxicos,Pouco degradado,2
Xambioá,Aração,Degradação Média,2
Xambioá,Aração,Não possui degradação,1
Xambioá,Aração,Pouco degradado,6
Xambioá,Gradagem,Degradação Média,2
Xambioá,Gradagem,Não possui degradação,1
Xambioá,Gradagem,Pouco degradado,6
Xambioá,Monocultura,Degradação Média,3
Xambioá,Monocultura,Pouco degradado,6
Xambioá,Plantio convencional,Degradação Média,8
Xambioá,Plantio convencional,Não possui degradação,1
Xambioá,Plantio convencional,Pouco degradado,8
Xambioá,Queimadas,Degradação Média,7
Xambioá,Queimadas,Pouco degradado,6
Xambioá,Roça de toco,Degradação Média,8
Xambioá,Roça de toco,Pouco degradado,7
Xambioá,Uso de agrotóxicos,Degradação Média,12
Xambioá,Uso de agrotóxicos,Não possui degradação,1
Xambioá,Uso de agrotóxicos,Pouco degradado,4
darcinópolis,Aração,Degradação Média,1
darcinópolis,Gradagem,Degradação Média,1
darcinópolis,Monocultura,Pouco degradado,1
darcinópolis,Pastagem nativa,Pouco degradado,1
darcinópolis,Plantio convencional,Degradação Média,1
darcinópolis,Plantio convencional,Pouco degradado,1
darcinópolis,Queimadas,Pouco degradado,1
darcinópolis,Roça de toco,Pouco degradado,1
darcinópolis,Uso de agrotóxicos,Degradação Média,1
darcinópolis,Uso de agrotóxicos,Pouco degradado,1
dois Irmãos do Tocantins,Aração,Degradação Média,1
dois Irmãos do Tocantins,Aração,Não possui degradação,2
dois Irmãos do Tocantins,Aração,Pouco degradado,11
dois Irmãos do Tocantins,Gradagem,Degradação Média,1
dois Irmãos do Tocantins,Gradagem,Não possui degradação,2
dois Irmãos do Tocantins,Gradagem,Pouco degradado,11
dois Irmãos do Tocantins,Plantio convencional,Degradação Média,1
dois Irmãos do Tocantins,Plantio convencional,Não possui degradação,2
dois Irmãos do Tocantins,Plantio convencional,Pouco degradado,10
dois Irmãos do Tocantins,Roça de toco,Degradação Média,1
dois Irmãos do Tocantins,Roça de toco,Pouco degradado,2
dois Irmãos do Tocantins,Uso de agrotóxicos,Degradação Média,2
dois Irmãos do Tocantins,Uso de agrotóxicos,Não possui degradação,2
dois Irmãos do Tocantins,Uso de agrotóxicos,Pouco degradado,14
