,codigo_final,municipio_ibge,regional,qual_o_nivel_de_degradacao_que_predomina_nas_pastagens
0,1713205.0,Miracema do Tocantins,Miracema,Pouco degradado
1,1715002.0,Nova Rosalândia,Paraiso,Degradação Média
2,1707009.0,Dianópolis,Taguatinga,Não possui degradação
3,1707009.0,Dianópolis,Taguatinga,Pouco degradado
4,1714880.0,Nova Olinda,Araguaina,Não possui degradação
5,1707207.0,dois Irmãos do Tocantins,Miracema,
6,1713205.0,Miracema do Tocantins,Miracema,
7,1716109.0,Paraíso do Tocantins,Paraiso,
8,1720101.0,São Bento do Tocantins,Araguatins,
9,1702000.0,Araguaçu,Gurupi,
10,1706506.0,darcinópolis,Araguatins,
11,1706001.0,Couto Magalhães,Colinas,
12,1721000.0,Palmas,Porto,
13,1707702.0,Filadélfia,Araguaina,
14,1722107.0,Xambioá,Araguaina,
15,1704600.0,Chapada de Areia,Paraiso,
16,1707009.0,Dianópolis,Taguatinga,
17,1707207.0,dois Irmãos do Tocantins,Paraiso,
18,1720978.0,Talismã,Gurupi,
19,1707009.0,Dianópolis,Paraiso,
20,1721109.0,Tocantínia,Miracema,
21,1713205.0,Miracema do Tocantins,Miracema,Pouco degradado
22,1706001.0,Couto Magalhães,Colinas,
23,1703883.0,Carmolândia,Araguaina,
24,1718758.0,Rio Sono,Miracema,
25,1703883.0,Carmolândia,Araguaina,
26,1703909.0,Caseara,Paraiso,Não possui degradação
27,1716109.0,Paraíso do Tocantins,Paraiso,
28,1707009.0,Dianópolis,Taguatinga,
29,1707009.0,Dianópolis,Paraiso,
30,1703883.0,Carmolândia,Araguaina,
31,1721000.0,Palmas,Porto,
32,1706001.0,Couto Magalhães,Colinas,
33,1703883.0,Carmolândia,Araguaina,
34,1703883.0,Carmolândia,Araguaina,
35,1718204.0,Porto Nacional,Porto,
36,1703008.0,Babaçulândia,Araguaina,
37,1718451.0,Pugmil,Paraiso,
38,1703909.0,Caseara,Paraiso,
39,1703909.0,Caseara,Paraiso,
40,1701309.0,Aragominas,Araguaina,
41,1713601.0,Monte do Carmo,Porto,
42,1702703.0,Aurora do Tocantins,Taguatinga,Pouco degradado
43,1702208.0,Araguatins,Araguatins,
44,1712454.0,Luzinópolis,Araguatins,
45,1700400.0,Almas,Taguatinga,
46,1700400.0,Almas,Taguatinga,
47,1716604.0,Peixe,Gurupi,
48,1701002.0,Ananás,Araguatins,
49,1715754.0,Palmeirópolis,Gurupi,
50,1721109.0,Tocantínia,Miracema,
51,1721000.0,Palmas,Porto,
52,1701002.0,Ananás,Araguatins,
53,1721000.0,Palmas,Porto,
54,1720804.0,Sítio Novo do Tocantins,Araguatins,
55,1701051.0,Angico,Araguatins,
56,1715101.0,Novo Acordo,Porto,
57,1722081.0,Wanderlândia,Araguaina,
58,1700400.0,Almas,Taguatinga,
59,1707652.0,Figueirópolis,Gurupi,
60,1703008.0,Babaçulândia,Araguaina,
61,1712504.0,Marianópolis do Tocantins,Paraiso,
62,1720804.0,Sítio Novo do Tocantins,Araguatins,
63,1703008.0,Babaçulândia,Araguaina,
64,1717503.0,Pium,Paraiso,
65,1704600.0,Chapada de Areia,Paraiso,
66,1704600.0,Chapada de Areia,Paraiso,
67,1701051.0,Angico,Araguatins,
68,1716109.0,Paraíso do Tocantins,Paraiso,
69,1703883.0,Carmolândia,Araguaina,
70,1700400.0,Almas,Taguatinga,
71,1707405.0,Esperantina,Araguatins,
72,1717206.0,Piraquê,Araguaina,Não possui degradação
73,1713809.0,Palmeiras do Tocantins,Araguatins,
74,1722081.0,Wanderlândia,Araguaina,
75,1721000.0,Palmas,Porto,
76,1713205.0,Miracema do Tocantins,Miracema,
77,1713809.0,Palmeiras do Tocantins,Araguatins,
78,1722107.0,Xambioá,Araguaina,
79,1716604.0,Peixe,Gurupi,
80,1718659.0,Rio da Conceição,Taguatinga,
81,1702109.0,Araguaína,Araguaina,
82,1707702.0,Filadélfia,Araguaina,
83,1707702.0,Filadélfia,Araguaina,
84,1704600.0,Chapada de Areia,Paraiso,
85,1718659.0,Rio da Conceição,Taguatinga,Pouco degradado
86,1720200.0,São Miguel do Tocantins,Araguatins,
87,1713809.0,Palmeiras do Tocantins,Araguatins,
88,1722107.0,Xambioá,Araguaina,
89,1707702.0,Filadélfia,Araguaina,
90,1707009.0,Dianópolis,Taguatinga,
91,1700301.0,Aguiarnópolis,Araguatins,
92,1721109.0,Tocantínia,Miracema,
93,1704600.0,Chapada de Areia,Paraiso,
94,1718709.0,Rio dos Bois,Miracema,
95,1702109.0,Araguaína,Araguaina,
96,1713809.0,Palmeiras do Tocantins,Araguatins,
97,1713809.0,Palmeiras do Tocantins,Araguatins,
98,1708254.0,Fortaleza do Tabocão,Miracema,
99,1713809.0,Palmeiras do Tocantins,Araguatins,
100,1702109.0,Araguaína,Araguaina,
101,1709500.0,Gurupi,Gurupi,
102,1709302.0,Guaraí,Colinas,
103,1709302.0,Guaraí,Colinas,
104,1707009.0,Dianópolis,Taguatinga,
105,1717503.0,Pium,Paraiso,
106,1707207.0,dois Irmãos do Tocantins,Paraiso,
107,1701309.0,Aragominas,Araguaina,
108,1707702.0,Filadélfia,Araguaina,
109,1716505.0,Pedro Afonso,Miracema,
110,1722081.0,Wanderlândia,Araguaina,
111,1722107.0,Xambioá,Araguaina,
112,1707702.0,Filadélfia,Araguaina,
113,1701002.0,Ananás,Araguatins,
114,1712454.0,Luzinópolis,Araguatins,
115,1700400.0,Almas,Taguatinga,
116,1712454.0,Luzinópolis,Araguatins,
117,1716208.0,Paranã,Taguatinga,
118,1707702.0,Filadélfia,Araguaina,
119,1706100.0,Cristalândia,Paraiso,
120,1717503.0,Pium,Paraiso,
121,1721000.0,Palmas,Porto,
122,1707405.0,Esperantina,Araguatins,
123,1713304.0,Miranorte,Miracema,Não possui degradação
124,1709500.0,Gurupi,Gurupi,
125,1701002.0,Ananás,Araguatins,
126,1713304.0,Miranorte,Miracema,
127,1713601.0,Monte do Carmo,Porto,
128,1700400.0,Almas,Taguatinga,
129,1709500.0,Gurupi,Gurupi,
130,1713601.0,Monte do Carmo,Porto,
131,1702109.0,Araguaína,Araguaina,
132,1701051.0,Angico,Araguatins,
133,1717503.0,Pium,Paraiso,
134,1714880.0,Nova Olinda,Araguaina,
135,1703008.0,Babaçulândia,Araguaina,
136,1703883.0,Carmolândia,Araguaina,Não possui degradação
137,1707009.0,Dianópolis,Taguatinga,
138,1718881.0,Santa Maria do Tocantins,Miracema,
139,1716109.0,Paraíso do Tocantins,Paraiso,
140,1716208.0,Paranã,Taguatinga,
141,1716109.0,Paraíso do Tocantins,Paraiso,
142,1717206.0,Piraquê,Araguaina,Não possui degradação
143,1714880.0,Nova Olinda,Araguaina,
144,1714880.0,Nova Olinda,Araguaina,
145,1718204.0,Porto Nacional,Porto,
146,1702208.0,Araguatins,Araguatins,
147,1707702.0,Filadélfia,Araguaina,
148,1702000.0,Araguaçu,Gurupi,
149,1712504.0,Marianópolis do Tocantins,Paraiso,
150,1722107.0,Xambioá,Araguaina,
151,1713809.0,Palmeiras do Tocantins,Araguatins,
152,1710706.0,Itaguatins,Araguatins,
153,1713205.0,Miracema do Tocantins,Miracema,Pouco degradado
154,1721109.0,Tocantínia,Miracema,Pouco degradado
155,1700350.0,Aliança do Tocantins,Gurupi,Pouco degradado
156,1721000.0,Palmas,Porto,Pouco degradado
157,1702901.0,Axixá do Tocantins,Araguatins,Degradação Média
158,1702901.0,Axixá do Tocantins,Araguatins,Pouco degradado
159,1701309.0,Aragominas,Araguaina,Não possui degradação
160,1702158.0,Araguanã,Araguaina,Degradação Média
161,1716109.0,Paraíso do Tocantins,Paraiso,Pouco degradado
162,1712504.0,Marianópolis do Tocantins,Paraiso,
163,1713304.0,Miranorte,Miracema,Não possui degradação
164,1711506.0,Jaú do Tocantins,Gurupi,Pouco degradado
165,1702901.0,Axixá do Tocantins,Araguatins,Pouco degradado
166,1702158.0,Araguanã,Araguaina,Pouco degradado
167,1713304.0,Miranorte,Miracema,Não possui degradação
168,1702901.0,Axixá do Tocantins,Araguatins,Não possui degradação
169,1720804.0,Sítio Novo do Tocantins,Araguatins,Degradação Média
170,1703909.0,Caseara,Paraiso,Não possui degradação
171,1702901.0,Axixá do Tocantins,Araguatins,Não possui degradação
172,1711506.0,Jaú do Tocantins,Gurupi,Pouco degradado
173,1713304.0,Miranorte,Miracema,Não possui degradação
174,1702158.0,Araguanã,Araguaina,Pouco degradado
175,1713304.0,Miranorte,Miracema,Não possui degradação
176,1702901.0,Axixá do Tocantins,Araguatins,Pouco degradado
177,1709302.0,Guaraí,Colinas,Pouco degradado
178,1707702.0,Filadélfia,Araguaina,Degradação Média
179,1709302.0,Guaraí,Colinas,Não possui degradação
180,1722107.0,Xambioá,Araguaina,Pouco degradado
181,1713809.0,Palmeiras do Tocantins,Araguatins,Não possui degradação
182,1722107.0,Xambioá,Araguaina,Degradação Média
183,1700350.0,Aliança do Tocantins,Gurupi,Degradação Média
184,1722107.0,Xambioá,Araguaina,Degradação Média
185,1722107.0,Xambioá,Araguaina,Pouco degradado
186,1722107.0,Xambioá,Araguaina,Degradação Média
187,1710706.0,Itaguatins,Araguatins,Pouco degradado
188,1702901.0,Axixá do Tocantins,Araguatins,Pouco degradado
189,1711506.0,Jaú do Tocantins,Gurupi,Degradação Média
190,1709302.0,Guaraí,Colinas,Não possui degradação
191,1715754.0,Palmeirópolis,Gurupi,Pouco degradado
192,1701309.0,Aragominas,Araguaina,Degradação Média
193,1712009.0,Lajeado,Porto,Não possui degradação
194,1702901.0,Axixá do Tocantins,Araguatins,Pouco degradado
195,1711506.0,Jaú do Tocantins,Gurupi,Degradação Média
196,1721109.0,Tocantínia,Miracema,Pouco degradado
197,1722081.0,Wanderlândia,Araguaina,Pouco degradado
198,1707702.0,Filadélfia,Araguaina,Pouco degradado
199,1720853.0,Sucupira,Gurupi,Pouco degradado
200,1713304.0,Miranorte,Miracema,Não possui degradação
201,1717206.0,Piraquê,Araguaina,Pouco degradado
202,1702109.0,Araguaína,Araguaina,Pouco degradado
203,1717206.0,Piraquê,Araguaina,Pouco degradado
204,1707108.0,Divinópolis do Tocantins,Paraiso,Degradação Média
205,1713304.0,Miranorte,Miracema,Não possui degradação
206,1721109.0,Tocantínia,Miracema,Pouco degradado
207,1702158.0,Araguanã,Araguaina,Não possui degradação
208,1713205.0,Miracema do Tocantins,Miracema,Pouco degradado
209,1709500.0,Gurupi,Gurupi,Pouco degradado
210,1717503.0,Pium,Paraiso,Pouco degradado
211,1709500.0,Gurupi,Gurupi,Pouco degradado
212,1707702.0,Filadélfia,Araguaina,Não possui degradação
213,1702109.0,Araguaína,Araguaina,Pouco degradado
214,1707702.0,Filadélfia,Araguaina,Pouco degradado
215,1701309.0,Aragominas,Araguaina,
216,1701002.0,Ananás,Araguatins,Não possui degradação
217,1715754.0,Palmeirópolis,Gurupi,Pouco degradado
218,1722107.0,Xambioá,Araguaina,Degradação Média
219,1700400.0,Almas,Taguatinga,Não possui degradação
220,1713304.0,Miranorte,Miracema,Não possui degradação
221,1703883.0,Carmolândia,Araguaina,Não possui degradação
222,1707009.0,Dianópolis,Taguatinga,Degradação Média
223,1707306.0,Dueré,Gurupi,Degradação Média
224,1716109.0,Paraíso do Tocantins,Paraiso,Pouco degradado
225,1700707.0,Alvorada,Gurupi,Pouco degradado
226,1700400.0,Almas,Taguatinga,Não possui degradação
227,1702901.0,Axixá do Tocantins,Araguatins,Pouco degradado
228,1702901.0,Axixá do Tocantins,Araguatins,Pouco degradado
229,1702901.0,Axixá do Tocantins,Araguatins,Pouco degradado
230,1716109.0,Paraíso do Tocantins,Paraiso,
231,1717503.0,Pium,Paraiso,Não possui degradação
232,1720853.0,Sucupira,Gurupi,Não possui degradação
233,1707702.0,Filadélfia,Araguaina,Degradação Média
234,1709500.0,Gurupi,Gurupi,Não possui degradação
235,1718865.0,Santa Fé do Araguaia,Araguaina,Degradação Média
236,1718550.0,Riachinho,Araguatins,Não possui degradação
237,1713205.0,Miracema do Tocantins,Porto,Degradação Média
238,1712454.0,Luzinópolis,Araguatins,Degradação Média
239,1702901.0,Axixá do Tocantins,Araguatins,Não possui degradação
240,1713205.0,Miracema do Tocantins,Miracema,Pouco degradado
241,1708254.0,Fortaleza do Tabocão,Miracema,Pouco degradado
242,1713304.0,Miranorte,Miracema,Pouco degradado
243,1720804.0,Sítio Novo do Tocantins,Araguatins,Degradação Média
244,1703883.0,Carmolândia,Araguaina,Pouco degradado
245,1701309.0,Aragominas,Araguaina,Pouco degradado
246,1702158.0,Araguanã,Araguaina,Pouco degradado
247,1702703.0,Aurora do Tocantins,Taguatinga,Pouco degradado
248,1716109.0,Paraíso do Tocantins,Paraiso,Pouco degradado
249,1712504.0,Marianópolis do Tocantins,Paraiso,Não possui degradação
250,1712454.0,Luzinópolis,Araguatins,Degradação Média
251,1702901.0,Axixá do Tocantins,Araguatins,Pouco degradado
252,1702901.0,Axixá do Tocantins,Araguatins,Pouco degradado
253,1711100.0,Itaporã do Tocantins,Colinas,Não possui degradação
254,1704600.0,Chapada de Areia,Paraiso,Não possui degradação
255,1707108.0,Divinópolis do Tocantins,Paraiso,Não possui degradação
256,1702158.0,Araguanã,Araguaina,Pouco degradado
257,1702901.0,Axixá do Tocantins,Araguatins,Não possui degradação
258,1707108.0,Divinópolis do Tocantins,Paraiso,
259,1722107.0,Xambioá,Araguaina,Pouco degradado
260,1722107.0,Xambioá,Araguaina,Pouco degradado
261,1702901.0,Axixá do Tocantins,Araguatins,Não possui degradação
262,1722107.0,Xambioá,Araguaina,Degradação Média
263,1722107.0,Xambioá,Araguaina,Degradação Média
264,1707207.0,dois Irmãos do Tocantins,Paraiso,Pouco degradado
265,1704600.0,Chapada de Areia,Paraiso,Pouco degradado
266,1709005.0,Goiatins,Araguaina,Pouco degradado
267,1722107.0,Xambioá,Araguaina,Degradação Média
268,1702158.0,Araguanã,Araguaina,Pouco degradado
269,1702158.0,Araguanã,Araguaina,Pouco degradado
270,1705102.0,Chapada da Natividade,Porto,Pouco degradado
271,1707108.0,Divinópolis do Tocantins,Paraiso,Não possui degradação
272,1705102.0,Chapada da Natividade,Porto,Pouco degradado
273,1702109.0,Araguaína,Araguaina,Não possui degradação
274,1713304.0,Miranorte,Miracema,Não possui degradação
275,1720978.0,Talismã,Gurupi,Não possui degradação
276,1704600.0,Chapada de Areia,Paraiso,Degradação Média
277,1705102.0,Chapada da Natividade,Porto,Degradação Média
278,1711902.0,Lagoa da Confusão,Paraiso,Não possui degradação
279,1718758.0,Rio Sono,Miracema,Não possui degradação
280,1707009.0,Dianópolis,Taguatinga,Pouco degradado
281,1707108.0,Divinópolis do Tocantins,Paraiso,Pouco degradado
282,1713809.0,Palmeiras do Tocantins,Araguatins,Pouco degradado
283,1707108.0,Divinópolis do Tocantins,Paraiso,Pouco degradado
284,1717800.0,Ponte Alta do Bom Jesus,Taguatinga,Degradação Média
285,1716208.0,Paranã,Taguatinga,Não possui degradação
286,1705102.0,Chapada da Natividade,Porto,Pouco degradado
287,1705102.0,Chapada da Natividade,Porto,Pouco degradado
288,1707108.0,Divinópolis do Tocantins,Paraiso,Pouco degradado
289,1700251.0,Abreulândia,Paraiso,Não possui degradação
290,1716208.0,Paranã,Taguatinga,Não possui degradação
291,1717800.0,Ponte Alta do Bom Jesus,Taguatinga,Não possui degradação
292,1716505.0,Pedro Afonso,Miracema,Não possui degradação
293,1700707.0,Alvorada,Gurupi,Não possui degradação
294,1700400.0,Almas,Taguatinga,Pouco degradado
295,1707108.0,Divinópolis do Tocantins,Paraiso,Não possui degradação
296,1720101.0,São Bento do Tocantins,Araguatins,
297,1707108.0,Divinópolis do Tocantins,Paraiso,Não possui degradação
298,1703305.0,Bom Jesus do Tocantins,Miracema,Pouco degradado
299,1705102.0,Chapada da Natividade,Porto,Pouco degradado
300,1715259.0,Novo Jardim,Taguatinga,Pouco degradado
301,1716208.0,Paranã,Taguatinga,Não possui degradação
302,1713304.0,Miranorte,Miracema,Não possui degradação
303,1716208.0,Paranã,Taguatinga,Degradação Média
304,1717800.0,Ponte Alta do Bom Jesus,Taguatinga,Pouco degradado
305,1709005.0,Goiatins,Araguaina,Pouco degradado
306,1716505.0,Pedro Afonso,Miracema,Não possui degradação
307,1720002.0,Santa Terezinha do Tocantins,Araguatins,Degradação Média
308,1700707.0,Alvorada,Gurupi,Não possui degradação
309,1709302.0,Guaraí,Colinas,Não possui degradação
310,1716604.0,Peixe,Gurupi,Pouco degradado
311,1703057.0,Bandeirantes do Tocantins,Araguatins,Pouco degradado
312,1703107.0,Barrolândia,Paraiso,Pouco degradado
313,1716208.0,Paranã,Taguatinga,Não possui degradação
314,1700707.0,Alvorada,Gurupi,Não possui degradação
315,1718899.0,Santa Rita do Tocantins,Gurupi,Pouco degradado
316,1717800.0,Ponte Alta do Bom Jesus,Taguatinga,Pouco degradado
317,1709302.0,Guaraí,Colinas,Não possui degradação
318,1713809.0,Palmeiras do Tocantins,Araguatins,Não possui degradação
319,1709302.0,Guaraí,Colinas,Não possui degradação
320,1713809.0,Palmeiras do Tocantins,Araguatins,Não possui degradação
321,1716109.0,Paraíso do Tocantins,Paraiso,Pouco degradado
322,1715259.0,Novo Jardim,Taguatinga,Não possui degradação
323,1716208.0,Paranã,Taguatinga,Não possui degradação
324,1718758.0,Rio Sono,Miracema,Não possui degradação
325,1717800.0,Ponte Alta do Bom Jesus,Taguatinga,Pouco degradado
326,1703867.0,Cariri do Tocantins,Gurupi,Pouco degradado
327,1701101.0,Aparecida do Rio Negro,Miracema,Não possui degradação
328,1700350.0,Aliança do Tocantins,Gurupi,Pouco degradado
329,1717800.0,Ponte Alta do Bom Jesus,Taguatinga,Pouco degradado
330,1709302.0,Guaraí,Colinas,Não possui degradação
331,1707207.0,dois Irmãos do Tocantins,Paraiso,Pouco degradado
332,1716505.0,Pedro Afonso,Miracema,Não possui degradação
333,1709302.0,Guaraí,Colinas,Não possui degradação
334,1703107.0,Barrolândia,Paraiso,Pouco degradado
335,1721109.0,Tocantínia,Miracema,Pouco degradado
336,1716505.0,Pedro Afonso,Miracema,Pouco degradado
337,1713205.0,Miracema do Tocantins,Miracema,Pouco degradado
338,1715259.0,Novo Jardim,Taguatinga,Não possui degradação
339,1709005.0,Goiatins,Araguaina,Pouco degradado
340,1700707.0,Alvorada,Gurupi,Não possui degradação
341,1716703.0,Colméia,Colinas,Pouco degradado
342,1720978.0,Talismã,Gurupi,
343,1707702.0,Filadélfia,Araguaina,Pouco degradado
344,1705102.0,Chapada da Natividade,Porto,Pouco degradado
345,1705102.0,Chapada da Natividade,Porto,Degradação Média
346,1702158.0,Araguanã,Araguaina,Não possui degradação
347,1720978.0,Talismã,Gurupi,Não possui degradação
348,1717503.0,Pium,Paraiso,Não possui degradação
349,1720655.0,Silvanópolis,Porto,Pouco degradado
350,1707108.0,Divinópolis do Tocantins,Paraiso,Pouco degradado
351,1705102.0,Chapada da Natividade,Porto,Degradação Média
352,1707108.0,Divinópolis do Tocantins,Paraiso,Pouco degradado
353,1717503.0,Pium,Paraiso,Não possui degradação
354,1707009.0,Dianópolis,Taguatinga,Não possui degradação
355,1702901.0,Axixá do Tocantins,Araguatins,Pouco degradado
356,1720978.0,Talismã,Gurupi,Não possui degradação
357,1713700.0,Monte Santo do Tocantins,Paraiso,Pouco degradado
358,1709302.0,Guaraí,Colinas,Não possui degradação
359,1720853.0,Sucupira,Gurupi,Não possui degradação
360,1718006.0,Porto Alegre do Tocantins,Taguatinga,Degradação Média
361,1717800.0,Ponte Alta do Bom Jesus,Taguatinga,Pouco degradado
362,1707108.0,Divinópolis do Tocantins,Paraiso,Não possui degradação
363,1709302.0,Guaraí,Colinas,Não possui degradação
364,1704600.0,Chapada de Areia,Paraiso,Degradação Média
365,1716208.0,Paranã,Taguatinga,Não possui degradação
366,1707009.0,Dianópolis,Taguatinga,Não possui degradação
367,1718758.0,Rio Sono,Miracema,Não possui degradação
368,1720978.0,Talismã,Gurupi,Não possui degradação
369,1716604.0,Peixe,Gurupi,Degradação Média
370,1707108.0,Divinópolis do Tocantins,Paraiso,
371,1716109.0,Paraíso do Tocantins,Paraiso,Degradação Média
372,1716208.0,Paranã,Taguatinga,Pouco degradado
373,1705102.0,Chapada da Natividade,Porto,Pouco degradado
374,1716208.0,Paranã,Taguatinga,Não possui degradação
375,1706100.0,Cristalândia,Paraiso,Não possui degradação
376,1716208.0,Paranã,Taguatinga,Pouco degradado
377,1720978.0,Talismã,Gurupi,Não possui degradação
378,1709302.0,Guaraí,Colinas,Não possui degradação
379,1718865.0,Santa Fé do Araguaia,Araguaina,Degradação Média
380,1713809.0,Palmeiras do Tocantins,Araguatins,Não possui degradação
381,1717800.0,Ponte Alta do Bom Jesus,Taguatinga,Pouco degradado
382,1717800.0,Ponte Alta do Bom Jesus,Taguatinga,Pouco degradado
383,1707108.0,Divinópolis do Tocantins,Paraiso,Não possui degradação
384,1709005.0,Goiatins,Araguaina,Pouco degradado
385,1706001.0,Couto Magalhães,Colinas,Não possui degradação
386,1715002.0,Nova Rosalândia,Paraiso,Degradação Média
387,1713304.0,Miranorte,Miracema,Não possui degradação
388,1713809.0,Palmeiras do Tocantins,Araguatins,Pouco degradado
389,1703107.0,Barrolândia,Paraiso,Pouco degradado
390,1709302.0,Guaraí,Colinas,Não possui degradação
391,1713205.0,Miracema do Tocantins,Paraiso,Não possui degradação
392,1707108.0,Divinópolis do Tocantins,Paraiso,Não possui degradação
393,1707652.0,Figueirópolis,Gurupi,Não possui degradação
394,1717503.0,Pium,Paraiso,Não possui degradação
395,1704600.0,Chapada de Areia,Paraiso,Degradação Média
396,1713205.0,Miracema do Tocantins,Paraiso,Pouco degradado
397,1709500.0,Gurupi,Gurupi,Degradação Média
398,1707702.0,Filadélfia,Araguaina,Não possui degradação
399,1720978.0,Talismã,Gurupi,Não possui degradação
400,1707306.0,Dueré,Gurupi,Não possui degradação
401,1707702.0,Filadélfia,Araguaina,Não possui degradação
402,1706100.0,Cristalândia,Paraiso,Não possui degradação
403,1709302.0,Guaraí,Colinas,Não possui degradação
404,1713304.0,Miranorte,Miracema,Não possui degradação
405,1707108.0,Divinópolis do Tocantins,Paraiso,Pouco degradado
406,1716208.0,Paranã,Taguatinga,Não possui degradação
407,1712504.0,Marianópolis do Tocantins,Paraiso,Não possui degradação
408,1713205.0,Miracema do Tocantins,Paraiso,Degradação Média
409,1707108.0,Divinópolis do Tocantins,Paraiso,Pouco degradado
410,1713304.0,Miranorte,Miracema,Não possui degradação
411,1716604.0,Peixe,Gurupi,Pouco degradado
412,1718758.0,Rio Sono,Miracema,Não possui degradação
413,1703909.0,Caseara,Paraiso,Não possui degradação
414,1716604.0,Peixe,Gurupi,Degradação Média
415,1716604.0,Peixe,Gurupi,Pouco degradado
416,1716604.0,Peixe,Gurupi,Pouco degradado
417,1706001.0,Couto Magalhães,Colinas,Pouco degradado
418,1713700.0,Monte Santo do Tocantins,Paraiso,Não possui degradação
419,1720978.0,Talismã,Gurupi,Não possui degradação
420,1716208.0,Paranã,Taguatinga,Não possui degradação
421,1716208.0,Paranã,Taguatinga,Pouco degradado
422,1707702.0,Filadélfia,Araguaina,Muito degradado
423,1700400.0,Almas,Taguatinga,Não possui degradação
424,1717503.0,Pium,Paraiso,Pouco degradado
425,1720804.0,Sítio Novo do Tocantins,Araguatins,Degradação Média
426,1709005.0,Goiatins,Araguaina,Pouco degradado
427,1706100.0,Cristalândia,Paraiso,Pouco degradado
428,1707009.0,Dianópolis,Taguatinga,Não possui degradação
429,1718899.0,Santa Rita do Tocantins,Gurupi,Pouco degradado
430,1707009.0,Dianópolis,Paraiso,Não possui degradação
431,1712504.0,Marianópolis do Tocantins,Paraiso,Não possui degradação
432,1715002.0,Nova Rosalândia,Paraiso,Degradação Média
433,1716604.0,Peixe,Gurupi,Pouco degradado
434,1712504.0,Marianópolis do Tocantins,Paraiso,Não possui degradação
435,1718758.0,Rio Sono,Miracema,Não possui degradação
436,1711506.0,Jaú do Tocantins,Gurupi,Pouco degradado
437,1716604.0,Peixe,Gurupi,Pouco degradado
438,1715002.0,Nova Rosalândia,Paraiso,Degradação Média
439,1712504.0,Marianópolis do Tocantins,Paraiso,Pouco degradado
440,1712454.0,Luzinópolis,Araguatins,Não possui degradação
441,1717503.0,Pium,Paraiso,Não possui degradação
442,1709500.0,Gurupi,Gurupi,Pouco degradado
443,1713809.0,Palmeiras do Tocantins,Araguatins,Não possui degradação
444,1718899.0,Santa Rita do Tocantins,Gurupi,Degradação Média
445,1716208.0,Paranã,Taguatinga,Pouco degradado
446,1707702.0,Filadélfia,Araguaina,Pouco degradado
447,1712504.0,Marianópolis do Tocantins,Paraiso,Não possui degradação
448,1712504.0,Marianópolis do Tocantins,Paraiso,Não possui degradação
449,1709500.0,Gurupi,Gurupi,Pouco degradado
450,1702000.0,Araguaçu,Gurupi,Degradação Média
451,1707702.0,Filadélfia,Araguaina,Pouco degradado
452,1720002.0,Santa Terezinha do Tocantins,Araguatins,Pouco degradado
453,1712504.0,Marianópolis do Tocantins,Paraiso,Degradação Média
454,1707702.0,Filadélfia,Araguaina,Degradação Média
455,1716208.0,Paranã,Taguatinga,Degradação Média
456,1707702.0,Filadélfia,Araguaina,Pouco degradado
457,1703909.0,Caseara,Paraiso,Não possui degradação
458,1701002.0,Ananás,Araguatins,Não possui degradação
459,1703909.0,Caseara,Paraiso,Não possui degradação
460,1707702.0,Filadélfia,Araguaina,Pouco degradado
461,1703909.0,Caseara,Paraiso,Não possui degradação
462,1717503.0,Pium,Paraiso,Não possui degradação
463,1711902.0,Lagoa da Confusão,Paraiso,Não possui degradação
464,1718758.0,Rio Sono,Miracema,Não possui degradação
465,1717503.0,Pium,Paraiso,Pouco degradado
466,1707108.0,Divinópolis do Tocantins,Paraiso,Pouco degradado
467,1712504.0,Marianópolis do Tocantins,Paraiso,Degradação Média
468,1703107.0,Barrolândia,Paraiso,Não possui degradação
469,1718758.0,Rio Sono,Miracema,Não possui degradação
470,1713700.0,Monte Santo do Tocantins,Paraiso,Não possui degradação
471,1704600.0,Chapada de Areia,Paraiso,Degradação Média
472,1706100.0,Cristalândia,Paraiso,Pouco degradado
473,1700707.0,Alvorada,Gurupi,Não possui degradação
474,1715002.0,Nova Rosalândia,Paraiso,Degradação Média
475,1709500.0,Gurupi,Gurupi,Não possui degradação
476,1718758.0,Rio Sono,Miracema,Não possui degradação
477,1716208.0,Paranã,Taguatinga,Não possui degradação
478,1706100.0,Cristalândia,Paraiso,Degradação Média
479,1717503.0,Pium,Paraiso,Degradação Média
480,1707207.0,dois Irmãos do Tocantins,Paraiso,Degradação Média
481,1713304.0,Miranorte,Miracema,Não possui degradação
482,1705102.0,Chapada da Natividade,Porto,Degradação Média
483,1705102.0,Chapada da Natividade,Porto,Pouco degradado
484,1716208.0,Paranã,Taguatinga,Pouco degradado
485,1706100.0,Cristalândia,Paraiso,Não possui degradação
486,1718709.0,Rio dos Bois,Miracema,Pouco degradado
487,1716208.0,Paranã,Taguatinga,Pouco degradado
488,1716208.0,Paranã,Taguatinga,Não possui degradação
489,1707652.0,Figueirópolis,Gurupi,Não possui degradação
490,1715002.0,Nova Rosalândia,Paraiso,Degradação Média
491,1720655.0,Silvanópolis,Porto,Degradação Média
492,1709807.0,Ipueiras,Porto,Pouco degradado
493,1716208.0,Paranã,Taguatinga,Não possui degradação
494,1702109.0,Araguaína,Araguaina,Não possui degradação
495,1712504.0,Marianópolis do Tocantins,Paraiso,Degradação Média
496,1713205.0,Miracema do Tocantins,Paraiso,Pouco degradado
497,1711902.0,Lagoa da Confusão,Paraiso,Pouco degradado
498,1709807.0,Ipueiras,Porto,Não possui degradação
499,1713601.0,Monte do Carmo,Porto,Pouco degradado
500,1707652.0,Figueirópolis,Gurupi,Não possui degradação
501,1720804.0,Sítio Novo do Tocantins,Araguatins,Degradação Média
502,1718709.0,Rio dos Bois,Miracema,Pouco degradado
503,1706506.0,darcinópolis,Araguatins,Degradação Média
504,1707108.0,Divinópolis do Tocantins,Paraiso,Não possui degradação
505,1711902.0,Lagoa da Confusão,Paraiso,Degradação Média
506,1716208.0,Paranã,Taguatinga,Pouco degradado
507,1713601.0,Monte do Carmo,Porto,Pouco degradado
508,1706258.0,Crixás do Tocantins,Gurupi,Degradação Média
509,1718709.0,Rio dos Bois,Miracema,Pouco degradado
510,1715259.0,Novo Jardim,Taguatinga,Não possui degradação
511,1703107.0,Barrolândia,Paraiso,Pouco degradado
512,1720259.0,São Salvador do Tocantins,Gurupi,Degradação Média
513,1709500.0,Gurupi,Gurupi,Não possui degradação
514,1707009.0,Dianópolis,Taguatinga,Não possui degradação
515,1715002.0,Nova Rosalândia,Paraiso,Degradação Média
516,1700400.0,Almas,Taguatinga,Não possui degradação
517,1718758.0,Rio Sono,Miracema,Não possui degradação
518,1712504.0,Marianópolis do Tocantins,Paraiso,Degradação Média
519,1707108.0,Divinópolis do Tocantins,Paraiso,Não possui degradação
520,1717503.0,Pium,Paraiso,Pouco degradado
521,1712504.0,Marianópolis do Tocantins,Paraiso,Degradação Média
522,1718865.0,Santa Fé do Araguaia,Araguaina,Pouco degradado
523,1720655.0,Silvanópolis,Porto,Degradação Média
524,1713700.0,Monte Santo do Tocantins,Paraiso,Pouco degradado
525,1704600.0,Chapada de Areia,Paraiso,Pouco degradado
526,1712504.0,Marianópolis do Tocantins,Paraiso,Degradação Média
527,1703909.0,Caseara,Paraiso,Não possui degradação
528,1716208.0,Paranã,Taguatinga,Não possui degradação
529,1709500.0,Gurupi,Gurupi,Degradação Média
530,1709500.0,Gurupi,Gurupi,Degradação Média
531,1712504.0,Marianópolis do Tocantins,Paraiso,Degradação Média
532,1707306.0,Dueré,Gurupi,Muito degradado
533,1709500.0,Gurupi,Gurupi,Pouco degradado
534,1709500.0,Gurupi,Gurupi,Pouco degradado
535,1700707.0,Alvorada,Gurupi,Pouco degradado
536,1720978.0,Talismã,Gurupi,Não possui degradação
537,1720978.0,Talismã,Gurupi,Pouco degradado
538,1718550.0,Riachinho,Araguatins,Não possui degradação
539,1706100.0,Cristalândia,Paraiso,Degradação Média
540,1700400.0,Almas,Taguatinga,Não possui degradação
541,1713304.0,Miranorte,Miracema,Pouco degradado
542,1716208.0,Paranã,Taguatinga,Não possui degradação
543,1707306.0,Dueré,Gurupi,Pouco degradado
544,1700707.0,Alvorada,Gurupi,Pouco degradado
545,1720853.0,Sucupira,Gurupi,Muito degradado
546,1720978.0,Talismã,Gurupi,Não possui degradação
547,1716208.0,Paranã,Taguatinga,Não possui degradação
548,1707207.0,dois Irmãos do Tocantins,Paraiso,Pouco degradado
549,1713304.0,Miranorte,Miracema,Pouco degradado
550,,,Taguatinga,Pouco degradado
551,1720978.0,Talismã,Gurupi,Não possui degradação
552,1720978.0,Talismã,Gurupi,Não possui degradação
553,1702000.0,Araguaçu,Gurupi,Pouco degradado
554,1709807.0,Ipueiras,Porto,Pouco degradado
555,1715002.0,Nova Rosalândia,Paraiso,Degradação Média
556,1720853.0,Sucupira,Gurupi,Pouco degradado
557,1720978.0,Talismã,Gurupi,Não possui degradação
558,1716109.0,Paraíso do Tocantins,Paraiso,Pouco degradado
559,1716604.0,Peixe,Gurupi,Degradação Média
560,1706100.0,Cristalândia,Paraiso,Não possui degradação
561,1715002.0,Nova Rosalândia,Paraiso,Degradação Média
562,1703107.0,Barrolândia,Paraiso,Pouco degradado
563,1702000.0,Araguaçu,Gurupi,Não possui degradação
564,1703107.0,Barrolândia,Paraiso,Pouco degradado
565,1701002.0,Ananás,Araguatins,Não possui degradação
566,1718659.0,Rio da Conceição,Taguatinga,Não possui degradação
567,1707009.0,Dianópolis,Taguatinga,Não possui degradação
568,1713205.0,Miracema do Tocantins,Paraiso,Pouco degradado
569,1715259.0,Novo Jardim,Taguatinga,Não possui degradação
570,1716109.0,Paraíso do Tocantins,Paraiso,Não possui degradação
571,1712504.0,Marianópolis do Tocantins,Paraiso,Degradação Média
572,1709807.0,Ipueiras,Porto,Pouco degradado
573,1720978.0,Talismã,Gurupi,Pouco degradado
574,1715002.0,Nova Rosalândia,Paraiso,Degradação Média
575,1713601.0,Monte do Carmo,Porto,Pouco degradado
576,1718709.0,Rio dos Bois,Miracema,Pouco degradado
577,1713205.0,Miracema do Tocantins,Paraiso,Pouco degradado
578,1713601.0,Monte do Carmo,Porto,Degradação Média
579,1701309.0,Aragominas,Araguaina,Pouco degradado
580,1706100.0,Cristalândia,Paraiso,Pouco degradado
581,1700251.0,Abreulândia,Paraiso,Pouco degradado
582,1718709.0,Rio dos Bois,Miracema,Pouco degradado
583,1722107.0,Xambioá,Araguaina,Degradação Média
584,1706100.0,Cristalândia,Paraiso,Pouco degradado
585,1713304.0,Miranorte,Miracema,Pouco degradado
586,1720655.0,Silvanópolis,Porto,Pouco degradado
587,1716208.0,Paranã,Taguatinga,Degradação Média
588,1713205.0,Miracema do Tocantins,Paraiso,Não possui degradação
589,1713601.0,Monte do Carmo,Porto,Pouco degradado
590,1703909.0,Caseara,Paraiso,Não possui degradação
591,1706100.0,Cristalândia,Paraiso,Pouco degradado
592,1720804.0,Sítio Novo do Tocantins,Araguatins,Degradação Média
593,1702000.0,Araguaçu,Gurupi,Pouco degradado
594,1702703.0,Aurora do Tocantins,Taguatinga,Pouco degradado
595,1711902.0,Lagoa da Confusão,Paraiso,Não possui degradação
596,1706100.0,Cristalândia,Paraiso,Pouco degradado
597,1720259.0,São Salvador do Tocantins,Gurupi,Não possui degradação
598,1716208.0,Paranã,Taguatinga,Pouco degradado
599,1720259.0,São Salvador do Tocantins,Gurupi,Degradação Média
600,1707553.0,Fátima,Porto,Degradação Média
601,1700707.0,Alvorada,Gurupi,Não possui degradação
602,1720978.0,Talismã,Gurupi,Não possui degradação
603,1712504.0,Marianópolis do Tocantins,Paraiso,Degradação Média
604,1700400.0,Almas,Taguatinga,Não possui degradação
605,1718865.0,Santa Fé do Araguaia,Araguaina,Pouco degradado
606,1707207.0,dois Irmãos do Tocantins,Paraiso,Pouco degradado
607,1713304.0,Miranorte,Miracema,Não possui degradação
608,1720978.0,Talismã,Gurupi,Degradação Média
609,1700350.0,Aliança do Tocantins,Gurupi,Degradação Média
610,1720853.0,Sucupira,Gurupi,Pouco degradado
611,1720655.0,Silvanópolis,Porto,Pouco degradado
612,1712454.0,Luzinópolis,Araguatins,Não possui degradação
613,1713700.0,Monte Santo do Tocantins,Paraiso,Degradação Média
614,1703909.0,Caseara,Paraiso,Não possui degradação
615,1713957.0,Muricilândia,Araguaina,Pouco degradado
616,1702158.0,Araguanã,Araguaina,Pouco degradado
617,1718865.0,Santa Fé do Araguaia,Araguaina,Pouco degradado
618,1707306.0,Dueré,Gurupi,Degradação Média
619,1718865.0,Santa Fé do Araguaia,Araguaina,Degradação Média
620,1709302.0,Guaraí,Colinas,Pouco degradado
621,1716703.0,Colméia,Colinas,Pouco degradado
622,1713957.0,Muricilândia,Araguaina,Degradação Média
623,1700251.0,Abreulândia,Paraiso,Pouco degradado
624,1702158.0,Araguanã,Araguaina,Não possui degradação
625,1711506.0,Jaú do Tocantins,Gurupi,Degradação Média
626,1712504.0,Marianópolis do Tocantins,Paraiso,Não possui degradação
627,1703826.0,Cachoeirinha,Araguatins,Pouco degradado
628,1713957.0,Muricilândia,Araguaina,Pouco degradado
629,1718550.0,Riachinho,Araguatins,Não possui degradação
630,1702000.0,Araguaçu,Gurupi,Degradação Média
631,1707009.0,Dianópolis,Taguatinga,Degradação Média
632,1716703.0,Colméia,Colinas,Pouco degradado
633,1716703.0,Colméia,Colinas,Pouco degradado
634,1722081.0,Wanderlândia,Araguaina,Pouco degradado
635,1704600.0,Chapada de Areia,Paraiso,Pouco degradado
636,1718550.0,Riachinho,Araguatins,Pouco degradado
637,1718550.0,Riachinho,Araguatins,Não possui degradação
638,1718550.0,Riachinho,Araguatins,Não possui degradação
639,1713304.0,Miranorte,Miracema,Não possui degradação
640,1717503.0,Pium,Paraiso,Pouco degradado
641,1713304.0,Miranorte,Miracema,Não possui degradação
642,1713304.0,Miranorte,Miracema,Não possui degradação
643,1703107.0,Barrolândia,Paraiso,Pouco degradado
644,1702109.0,Araguaína,Araguaina,Pouco degradado
645,1702109.0,Araguaína,Araguaina,Degradação Média
646,1716208.0,Paranã,Taguatinga,Pouco degradado
647,1707207.0,dois Irmãos do Tocantins,Paraiso,Pouco degradado
648,1703909.0,Caseara,Paraiso,Pouco degradado
649,1718865.0,Santa Fé do Araguaia,Araguaina,Pouco degradado
650,1722107.0,Xambioá,Araguaina,Degradação Média
651,1712454.0,Luzinópolis,Araguatins,Não possui degradação
652,1700350.0,Aliança do Tocantins,Gurupi,Degradação Média
653,1718865.0,Santa Fé do Araguaia,Araguaina,Muito degradado
654,1713700.0,Monte Santo do Tocantins,Paraiso,Não possui degradação
655,1709302.0,Guaraí,Colinas,Pouco degradado
656,1709302.0,Guaraí,Colinas,Pouco degradado
657,1702901.0,Axixá do Tocantins,Araguatins,Pouco degradado
658,1707652.0,Figueirópolis,Gurupi,Pouco degradado
659,1716109.0,Paraíso do Tocantins,Paraiso,Pouco degradado
660,1713304.0,Miranorte,Miracema,Pouco degradado
661,1707652.0,Figueirópolis,Gurupi,Pouco degradado
662,1707652.0,Figueirópolis,Gurupi,Pouco degradado
663,1716109.0,Paraíso do Tocantins,Paraiso,
664,1713304.0,Miranorte,Miracema,Não possui degradação
665,1707702.0,Filadélfia,Araguaina,Não possui degradação
666,1715101.0,Novo Acordo,Porto,Pouco degradado
667,1717503.0,Pium,Paraiso,Pouco degradado
668,1700251.0,Abreulândia,Paraiso,Pouco degradado
669,1722107.0,Xambioá,Araguaina,Pouco degradado
670,1702703.0,Aurora do Tocantins,Taguatinga,Pouco degradado
671,1709005.0,Goiatins,Araguaina,Pouco degradado
672,1703107.0,Barrolândia,Paraiso,Degradação Média
673,1707108.0,Divinópolis do Tocantins,Paraiso,Pouco degradado
674,,,Paraiso,Pouco degradado
675,1716208.0,Paranã,Taguatinga,Pouco degradado
676,1711902.0,Lagoa da Confusão,Paraiso,Não possui degradação
677,1716208.0,Paranã,Taguatinga,Pouco degradado
678,1721109.0,Tocantínia,Miracema,Degradação Média
679,1705102.0,Chapada da Natividade,Porto,Pouco degradado
680,1703867.0,Cariri do Tocantins,Gurupi,Pouco degradado
681,1718709.0,Rio dos Bois,Miracema,Pouco degradado
682,1716505.0,Pedro Afonso,Miracema,Pouco degradado
683,1707652.0,Figueirópolis,Gurupi,Não possui degradação
684,1703867.0,Cariri do Tocantins,Gurupi,Pouco degradado
685,1705102.0,Chapada da Natividade,Porto,Degradação Média
686,1716604.0,Peixe,Gurupi,Pouco degradado
687,1707108.0,Divinópolis do Tocantins,Paraiso,Não possui degradação
688,1720101.0,São Bento do Tocantins,Araguatins,
689,1705102.0,Chapada da Natividade,Porto,Pouco degradado
690,1705102.0,Chapada da Natividade,Porto,Pouco degradado
691,1707652.0,Figueirópolis,Gurupi,Pouco degradado
692,1716109.0,Paraíso do Tocantins,Paraiso,Pouco degradado
693,1716604.0,Peixe,Gurupi,Pouco degradado
694,1703867.0,Cariri do Tocantins,Gurupi,Pouco degradado
695,1716109.0,Paraíso do Tocantins,Paraiso,Pouco degradado
696,1720101.0,São Bento do Tocantins,Araguatins,
697,1720655.0,Silvanópolis,Porto,Muito degradado
698,1709005.0,Goiatins,Araguaina,Pouco degradado
699,1718758.0,Rio Sono,Miracema,Pouco degradado
700,1718006.0,Porto Alegre do Tocantins,Taguatinga,Degradação Média
701,1716208.0,Paranã,Taguatinga,Não possui degradação
702,1718006.0,Porto Alegre do Tocantins,Taguatinga,Degradação Média
703,1704600.0,Chapada de Areia,Paraiso,Pouco degradado
704,1718758.0,Rio Sono,Miracema,Pouco degradado
705,1707652.0,Figueirópolis,Gurupi,Pouco degradado
706,1716703.0,Colméia,Colinas,Pouco degradado
707,1706100.0,Cristalândia,Paraiso,Não possui degradação
708,1716208.0,Paranã,Taguatinga,Pouco degradado
709,1720655.0,Silvanópolis,Porto,Degradação Média
710,1718865.0,Santa Fé do Araguaia,Araguaina,Pouco degradado
711,1707207.0,dois Irmãos do Tocantins,Paraiso,Pouco degradado
712,1707108.0,Divinópolis do Tocantins,Paraiso,Não possui degradação
713,1718758.0,Rio Sono,Miracema,Pouco degradado
714,1722107.0,Xambioá,Araguaina,Pouco degradado
715,1713601.0,Monte do Carmo,Porto,Pouco degradado
716,1716109.0,Paraíso do Tocantins,Paraiso,Pouco degradado
717,1707702.0,Filadélfia,Araguaina,Pouco degradado
718,1707009.0,Dianópolis,Taguatinga,Não possui degradação
719,1718899.0,Santa Rita do Tocantins,Gurupi,Muito degradado
720,1703867.0,Cariri do Tocantins,Gurupi,Degradação Média
721,1707009.0,Dianópolis,Taguatinga,Pouco degradado
722,1718006.0,Porto Alegre do Tocantins,Taguatinga,Degradação Média
723,1712504.0,Marianópolis do Tocantins,Paraiso,Degradação Média
724,1709005.0,Goiatins,Araguaina,Pouco degradado
725,1713304.0,Miranorte,Miracema,Não possui degradação
726,1720002.0,Santa Terezinha do Tocantins,Miracema,
727,1713304.0,Miranorte,Miracema,Pouco degradado
728,1712504.0,Marianópolis do Tocantins,Paraiso,Degradação Média
729,1702109.0,Araguaína,Araguaina,Pouco degradado
730,1702109.0,Araguaína,Araguaina,Pouco degradado
731,1716505.0,Pedro Afonso,Miracema,Pouco degradado
732,1713304.0,Miranorte,Miracema,Não possui degradação
733,1703909.0,Caseara,Paraiso,Não possui degradação
734,1703867.0,Cariri do Tocantins,Gurupi,Degradação Média
735,1707702.0,Filadélfia,Araguaina,Pouco degradado
736,1703826.0,Cachoeirinha,Araguatins,Pouco degradado
737,1700350.0,Aliança do Tocantins,Gurupi,Degradação Média
738,1716109.0,Paraíso do Tocantins,Paraiso,Pouco degradado
739,1717503.0,Pium,Paraiso,Pouco degradado
740,1712504.0,Marianópolis do Tocantins,Paraiso,Degradação Média
741,1713304.0,Miranorte,Miracema,Não possui degradação
742,1712504.0,Marianópolis do Tocantins,Paraiso,Muito degradado
743,1701309.0,Aragominas,Araguaina,Pouco degradado
744,1716208.0,Paranã,Taguatinga,Pouco degradado
745,1716505.0,Pedro Afonso,Miracema,Degradação Média
746,1714880.0,Nova Olinda,Araguaina,Degradação Média
747,1722081.0,Wanderlândia,Araguaina,Não possui degradação
748,1722107.0,Xambioá,Araguaina,Pouco degradado
749,1702109.0,Araguaína,Araguaina,Pouco degradado
750,1717206.0,Piraquê,Araguaina,Não possui degradação
751,1713700.0,Monte Santo do Tocantins,Paraiso,Pouco degradado
752,1713700.0,Monte Santo do Tocantins,Paraiso,Degradação Média
753,1704600.0,Chapada de Areia,Paraiso,Não possui degradação
754,1704600.0,Chapada de Areia,Paraiso,Pouco degradado
755,1713304.0,Miranorte,Miracema,Não possui degradação
756,1707405.0,Esperantina,Araguatins,Não possui degradação
757,1713700.0,Monte Santo do Tocantins,Paraiso,Pouco degradado
758,1707009.0,Dianópolis,Taguatinga,Não possui degradação
759,1701051.0,Angico,Araguatins,Degradação Média
760,1716208.0,Paranã,Taguatinga,Pouco degradado
761,1716208.0,Paranã,Taguatinga,Pouco degradado
762,1707009.0,Dianópolis,Taguatinga,Não possui degradação
763,1703008.0,Babaçulândia,Araguaina,Pouco degradado
764,1720200.0,São Miguel do Tocantins,Araguatins,Degradação Média
765,1707009.0,Dianópolis,Taguatinga,Pouco degradado
766,1713304.0,Miranorte,Miracema,Não possui degradação
767,1709807.0,Ipueiras,Porto,Degradação Média
768,1703008.0,Babaçulândia,Araguaina,Pouco degradado
769,1700350.0,Aliança do Tocantins,Gurupi,Muito degradado
770,1712504.0,Marianópolis do Tocantins,Paraiso,Degradação Média
771,1713809.0,Palmeiras do Tocantins,Araguatins,Pouco degradado
772,1713809.0,Palmeiras do Tocantins,Araguatins,Pouco degradado
773,1717206.0,Piraquê,Araguaina,Pouco degradado
774,1716505.0,Pedro Afonso,Miracema,Degradação Média
775,1707553.0,Fátima,Porto,Degradação Média
776,1717206.0,Piraquê,Araguaina,Pouco degradado
777,1717206.0,Piraquê,Araguaina,Pouco degradado
778,1717206.0,Piraquê,Araguaina,Não possui degradação
779,1722107.0,Xambioá,Araguaina,Pouco degradado
780,1712504.0,Marianópolis do Tocantins,Paraiso,Degradação Média
781,1708254.0,Fortaleza do Tabocão,Miracema,Pouco degradado
782,1701309.0,Aragominas,Araguaina,Pouco degradado
783,1709500.0,Gurupi,Gurupi,Pouco degradado
784,1706258.0,Crixás do Tocantins,Gurupi,Degradação Média
785,1721000.0,Palmas,Porto,Não possui degradação
786,1713304.0,Miranorte,Miracema,Não possui degradação
787,1709500.0,Gurupi,Gurupi,Pouco degradado
788,1709500.0,Gurupi,Gurupi,Pouco degradado
789,1713304.0,Miranorte,Miracema,Não possui degradação
790,1708254.0,Fortaleza do Tabocão,Miracema,Pouco degradado
791,1717206.0,Piraquê,Araguaina,Pouco degradado
792,1709302.0,Guaraí,Colinas,Não possui degradação
793,1700400.0,Almas,Taguatinga,Não possui degradação
794,1704600.0,Chapada de Areia,Paraiso,Pouco degradado
795,1716505.0,Pedro Afonso,Miracema,Não possui degradação
796,1707207.0,dois Irmãos do Tocantins,Paraiso,Degradação Média
797,1712504.0,Marianópolis do Tocantins,Paraiso,Muito degradado
798,1709302.0,Guaraí,Colinas,Não possui degradação
799,1704600.0,Chapada de Areia,Paraiso,Pouco degradado
800,1722107.0,Xambioá,Araguaina,Pouco degradado
801,1702109.0,Araguaína,Araguaina,Pouco degradado
802,1718303.0,Praia Norte,Araguatins,Degradação Média
803,1703057.0,Bandeirantes do Tocantins,Araguatins,Degradação Média
804,1702109.0,Araguaína,Araguaina,Pouco degradado
805,1717206.0,Piraquê,Araguaina,Não possui degradação
806,1707009.0,Dianópolis,Taguatinga,Não possui degradação
807,1715101.0,Novo Acordo,Porto,Muito degradado
808,1703057.0,Bandeirantes do Tocantins,Araguatins,Pouco degradado
809,1714880.0,Nova Olinda,Araguaina,Degradação Média
810,1720655.0,Silvanópolis,Porto,Pouco degradado
811,1717206.0,Piraquê,Araguaina,Pouco degradado
812,1701051.0,Angico,Araguatins,Degradação Média
813,1717206.0,Piraquê,Araguaina,Pouco degradado
814,1701051.0,Angico,Araguatins,Degradação Média
815,1717206.0,Piraquê,Araguaina,Degradação Média
816,1712504.0,Marianópolis do Tocantins,Paraiso,Degradação Média
817,1709500.0,Gurupi,Gurupi,Pouco degradado
818,1717206.0,Piraquê,Araguaina,Pouco degradado
819,1708254.0,Fortaleza do Tabocão,Miracema,Pouco degradado
820,1714880.0,Nova Olinda,Araguaina,Pouco degradado
821,1707009.0,Dianópolis,Taguatinga,Não possui degradação
822,1713809.0,Palmeiras do Tocantins,Araguatins,Pouco degradado
823,1721257.0,Tupirama,Miracema,Pouco degradado
824,1722107.0,Xambioá,Araguaina,Degradação Média
825,1702158.0,Araguanã,Araguaina,Pouco degradado
826,1702158.0,Araguanã,Araguaina,Não possui degradação
827,1712504.0,Marianópolis do Tocantins,Paraiso,Degradação Média
828,1707108.0,Divinópolis do Tocantins,Paraiso,Pouco degradado
829,1703008.0,Babaçulândia,Araguaina,Pouco degradado
830,1720002.0,Santa Terezinha do Tocantins,Araguatins,Não possui degradação
831,1716109.0,Paraíso do Tocantins,Paraiso,Pouco degradado
832,1704105.0,Centenário,Miracema,Não possui degradação
833,1701002.0,Ananás,Araguatins,Não possui degradação
834,1700400.0,Almas,Taguatinga,Não possui degradação
835,1706100.0,Cristalândia,Paraiso,Não possui degradação
836,1712504.0,Marianópolis do Tocantins,Paraiso,Degradação Média
837,1708254.0,Fortaleza do Tabocão,Miracema,Pouco degradado
838,1713809.0,Palmeiras do Tocantins,Araguatins,
839,1721257.0,Tupirama,Miracema,
840,1703909.0,Caseara,Paraiso,
841,1703909.0,Caseara,Paraiso,
842,1703909.0,Caseara,Paraiso,
843,1704600.0,Chapada de Areia,Paraiso,
844,1711902.0,Lagoa da Confusão,Paraiso,
845,1713205.0,Miracema do Tocantins,Paraiso,Não possui degradação
846,1715259.0,Novo Jardim,Taguatinga,
847,1721257.0,Tupirama,Miracema,
848,1713304.0,Miranorte,Miracema,Não possui degradação
849,1702109.0,Araguaína,Araguaina,
850,1709500.0,Gurupi,Gurupi,
851,1716208.0,Paranã,Taguatinga,
852,1720200.0,São Miguel do Tocantins,Araguatins,
853,1703909.0,Caseara,Paraiso,
854,1707652.0,Figueirópolis,Gurupi,
855,1706001.0,Couto Magalhães,Colinas,Degradação Média
856,1721109.0,Tocantínia,Miracema,
857,1721257.0,Tupirama,Miracema,
858,1721109.0,Tocantínia,Miracema,
859,1720804.0,Sítio Novo do Tocantins,Araguatins,
860,1720200.0,São Miguel do Tocantins,Araguatins,
861,1707009.0,Dianópolis,Taguatinga,
862,1702901.0,Axixá do Tocantins,Araguatins,
863,1702901.0,Axixá do Tocantins,Araguatins,
864,1721109.0,Tocantínia,Miracema,
865,1703305.0,Bom Jesus do Tocantins,Miracema,Pouco degradado
866,1703107.0,Barrolândia,Paraiso,
867,1713809.0,Palmeiras do Tocantins,Araguatins,
868,1700251.0,Abreulândia,Paraiso,
869,1713700.0,Monte Santo do Tocantins,Paraiso,
870,1716505.0,Pedro Afonso,Miracema,
871,1713700.0,Monte Santo do Tocantins,Paraiso,Pouco degradado
872,1720200.0,São Miguel do Tocantins,Araguatins,
873,1717800.0,Ponte Alta do Bom Jesus,Taguatinga,
874,1702901.0,Axixá do Tocantins,Araguatins,
875,1702901.0,Axixá do Tocantins,Araguatins,
876,1720804.0,Sítio Novo do Tocantins,Araguatins,
877,1717800.0,Ponte Alta do Bom Jesus,Taguatinga,
878,1703107.0,Barrolândia,Paraiso,
879,1701002.0,Ananás,Araguatins,
880,1722081.0,Wanderlândia,Araguaina,
881,1700400.0,Almas,Taguatinga,
882,1715002.0,Nova Rosalândia,Paraiso,
883,1718709.0,Rio dos Bois,Miracema,
884,1720200.0,São Miguel do Tocantins,Araguatins,
885,1701002.0,Ananás,Araguatins,
886,1722107.0,Xambioá,Araguaina,
887,1711902.0,Lagoa da Confusão,Paraiso,
888,1711902.0,Lagoa da Confusão,Paraiso,
889,1711902.0,Lagoa da Confusão,Paraiso,
890,1707009.0,Dianópolis,Taguatinga,
891,1720200.0,São Miguel do Tocantins,Araguatins,
892,1706506.0,darcinópolis,Araguatins,
893,1722081.0,Wanderlândia,Araguaina,
894,1720259.0,São Salvador do Tocantins,Gurupi,
895,1718451.0,Pugmil,Paraiso,
896,1703883.0,Carmolândia,Araguaina,
897,1716604.0,Peixe,Gurupi,
898,1716109.0,Paraíso do Tocantins,Paraiso,
899,1720655.0,Silvanópolis,Porto,
900,1709500.0,Gurupi,Gurupi,
901,1722081.0,Wanderlândia,Araguaina,
902,1714880.0,Nova Olinda,Araguaina,
903,1706506.0,darcinópolis,Araguatins,
904,1715002.0,Nova Rosalândia,Paraiso,
905,1703883.0,Carmolândia,Araguaina,
906,1700301.0,Aguiarnópolis,Araguatins,
907,1706506.0,darcinópolis,Araguatins,
908,1702901.0,Axixá do Tocantins,Araguatins,
909,1704600.0,Chapada de Areia,Paraiso,
910,1707702.0,Filadélfia,Araguaina,
911,1706506.0,darcinópolis,Araguatins,
912,1721000.0,Palmas,Porto,
913,1716109.0,Paraíso do Tocantins,Paraiso,
914,1718006.0,Porto Alegre do Tocantins,Taguatinga,
915,1715002.0,Nova Rosalândia,Paraiso,
916,1720200.0,São Miguel do Tocantins,Araguatins,
917,1721257.0,Tupirama,Miracema,
918,1718204.0,Porto Nacional,Porto,
919,1721257.0,Tupirama,Miracema,
920,1720655.0,Silvanópolis,Porto,
921,1707108.0,Divinópolis do Tocantins,Paraiso,
922,1713809.0,Palmeiras do Tocantins,Araguatins,
923,1702109.0,Araguaína,Araguaina,
924,1707108.0,Divinópolis do Tocantins,Paraiso,
925,1713809.0,Palmeiras do Tocantins,Araguatins,
926,1720804.0,Sítio Novo do Tocantins,Araguatins,
927,1721257.0,Tupirama,Miracema,
928,1713205.0,Miracema do Tocantins,Miracema,
929,1713809.0,Palmeiras do Tocantins,Araguatins,
930,1703107.0,Barrolândia,Paraiso,
931,1703909.0,Caseara,Paraiso,
932,1712009.0,Lajeado,Porto,
933,1718204.0,Porto Nacional,Porto,
934,1713205.0,Miracema do Tocantins,Miracema,
935,1713700.0,Monte Santo do Tocantins,Paraiso,
936,1718550.0,Riachinho,Araguatins,
937,1722107.0,Xambioá,Araguaina,
938,1720200.0,São Miguel do Tocantins,Araguatins,
939,1713809.0,Palmeiras do Tocantins,Araguatins,
940,1703008.0,Babaçulândia,Araguaina,
941,1707405.0,Esperantina,Araguatins,
942,1712009.0,Lajeado,Porto,
943,1712009.0,Lajeado,Porto,
944,1713304.0,Miranorte,Miracema,Não possui degradação
945,1712009.0,Lajeado,Porto,
946,1712009.0,Lajeado,Porto,
947,1712009.0,Lajeado,Porto,
948,1722107.0,Xambioá,Araguaina,Degradação Média
949,1721109.0,Tocantínia,Miracema,
950,1707009.0,Dianópolis,Taguatinga,
951,1721109.0,Tocantínia,Miracema,
952,1720655.0,Silvanópolis,Porto,
953,1703107.0,Barrolândia,Paraiso,
954,1718204.0,Porto Nacional,Porto,
955,1713809.0,Palmeiras do Tocantins,Araguatins,
956,1720200.0,São Miguel do Tocantins,Araguatins,
957,1703107.0,Barrolândia,Paraiso,Não possui degradação
958,1714880.0,Nova Olinda,Araguaina,
959,1721000.0,Palmas,Porto,
960,1700707.0,Alvorada,Gurupi,
961,1712009.0,Lajeado,Porto,
962,1720804.0,Sítio Novo do Tocantins,Araguatins,
963,1716505.0,Pedro Afonso,Miracema,
964,1707207.0,dois Irmãos do Tocantins,Paraiso,
965,1707553.0,Fátima,Porto,
966,1702703.0,Aurora do Tocantins,Taguatinga,Pouco degradado
967,1718709.0,Rio dos Bois,Miracema,
968,1720804.0,Sítio Novo do Tocantins,Araguatins,
969,1714880.0,Nova Olinda,Araguaina,
970,1721257.0,Tupirama,Miracema,
971,1721000.0,Palmas,Porto,
972,1703909.0,Caseara,Paraiso,
973,1714880.0,Nova Olinda,Araguaina,
974,1703305.0,Bom Jesus do Tocantins,Miracema,
975,1714880.0,Nova Olinda,Araguaina,
976,1721257.0,Tupirama,Miracema,
977,1707207.0,dois Irmãos do Tocantins,Paraiso,
978,1721257.0,Tupirama,Miracema,
979,1707405.0,Esperantina,Araguatins,
980,1714880.0,Nova Olinda,Araguaina,
981,1721000.0,Palmas,Porto,
982,1721000.0,Palmas,Porto,
983,1707405.0,Esperantina,Araguatins,
984,1714880.0,Nova Olinda,Araguaina,
985,1707009.0,Dianópolis,Taguatinga,Não possui degradação
986,1718881.0,Santa Maria do Tocantins,Miracema,Pouco degradado
987,1714880.0,Nova Olinda,Araguaina,
988,1707207.0,dois Irmãos do Tocantins,Paraiso,
989,1703909.0,Caseara,Paraiso,
990,1714880.0,Nova Olinda,Araguaina,
991,1718204.0,Porto Nacional,Porto,
992,1707207.0,dois Irmãos do Tocantins,Paraiso,
993,1716505.0,Pedro Afonso,Miracema,Não possui degradação
994,1707207.0,dois Irmãos do Tocantins,Paraiso,
995,1703305.0,Bom Jesus do Tocantins,Miracema,Não possui degradação
996,1716109.0,Paraíso do Tocantins,Paraiso,Pouco degradado
997,1721000.0,Palmas,Porto,Não possui degradação
998,,,Paraiso,Não possui degradação
999,1718709.0,Rio dos Bois,Miracema,Não possui degradação
1000,1717503.0,Pium,Paraiso,Não possui degradação
1001,1712454.0,Luzinópolis,Araguatins,Degradação Média
1002,1704600.0,Chapada de Areia,Paraiso,Pouco degradado
1003,1707207.0,dois Irmãos do Tocantins,Paraiso,Pouco degradado
1004,1713304.0,Miranorte,Miracema,Pouco degradado
1005,1715259.0,Novo Jardim,Taguatinga,Não possui degradação
1006,1702208.0,Araguatins,Araguatins,Não possui degradação
1007,1709302.0,Guaraí,Colinas,Pouco degradado
1008,1709302.0,Guaraí,Colinas,Pouco degradado
1009,1713304.0,Miranorte,Miracema,Pouco degradado
1010,1702109.0,Araguaína,Araguaina,Degradação Média
1011,1707207.0,dois Irmãos do Tocantins,Paraiso,Pouco degradado
1012,1707108.0,Divinópolis do Tocantins,Paraiso,Pouco degradado
1013,1706001.0,Couto Magalhães,Colinas,Pouco degradado
1014,1718451.0,Pugmil,Paraiso,Pouco degradado
1015,1706506.0,darcinópolis,Araguaina,Pouco degradado
1016,1713700.0,Monte Santo do Tocantins,Paraiso,Não possui degradação
1017,1714880.0,Nova Olinda,Araguaina,Não possui degradação
1018,1702109.0,Araguaína,Araguaina,Pouco degradado
1019,1706001.0,Couto Magalhães,Colinas,Pouco degradado
1020,1715002.0,Nova Rosalândia,Paraiso,Degradação Média
1021,1703909.0,Caseara,Paraiso,Não possui degradação
1022,1707207.0,dois Irmãos do Tocantins,Paraiso,Pouco degradado
1023,1707009.0,Dianópolis,Taguatinga,Degradação Média
1024,1717503.0,Pium,Paraiso,Não possui degradação
1025,1713700.0,Monte Santo do Tocantins,Paraiso,Não possui degradação
1026,1702109.0,Araguaína,Araguaina,Pouco degradado
1027,1714880.0,Nova Olinda,Araguaina,Não possui degradação
1028,1714880.0,Nova Olinda,Araguaina,Pouco degradado
1029,1713601.0,Monte do Carmo,Porto,Degradação Média
1030,1707207.0,dois Irmãos do Tocantins,Paraiso,Pouco degradado
1031,1702109.0,Araguaína,Araguaina,Pouco degradado
1032,1707405.0,Esperantina,Araguatins,Não possui degradação
1033,1707207.0,dois Irmãos do Tocantins,Paraiso,Não possui degradação
1034,1714880.0,Nova Olinda,Araguaina,Não possui degradação
1035,1707553.0,Fátima,Porto,Pouco degradado
1036,1707553.0,Fátima,Porto,Pouco degradado
1037,1703107.0,Barrolândia,Paraiso,Pouco degradado
1038,1702109.0,Araguaína,Araguaina,Pouco degradado
1039,1707207.0,dois Irmãos do Tocantins,Paraiso,Pouco degradado
1040,1706001.0,Couto Magalhães,Colinas,Pouco degradado
1041,1714880.0,Nova Olinda,Araguaina,Degradação Média
1042,1710706.0,Itaguatins,Araguatins,Não possui degradação
1043,1707553.0,Fátima,Porto,Degradação Média
1044,1714880.0,Nova Olinda,Araguaina,Degradação Média
1045,1714880.0,Nova Olinda,Araguaina,Degradação Média
1046,1714880.0,Nova Olinda,Araguaina,Não possui degradação
1047,1721000.0,Palmas,Porto,Não possui degradação
1048,1706100.0,Cristalândia,Paraiso,Pouco degradado
1049,1714880.0,Nova Olinda,Araguaina,Pouco degradado
1050,1717206.0,Piraquê,Araguaina,Pouco degradado
1051,1715101.0,Novo Acordo,Porto,Pouco degradado
1052,1706001.0,Couto Magalhães,Colinas,Pouco degradado
1053,1715002.0,Nova Rosalândia,Paraiso,Degradação Média
1054,1716505.0,Pedro Afonso,Miracema,
1055,1716505.0,Pedro Afonso,Miracema,
1056,1718709.0,Rio dos Bois,Miracema,
1057,1718709.0,Rio dos Bois,Miracema,
1058,1703305.0,Bom Jesus do Tocantins,Miracema,
1059,1716505.0,Pedro Afonso,Miracema,
1060,1718881.0,Santa Maria do Tocantins,Miracema,
1061,1718204.0,Porto Nacional,Porto,
1062,1707405.0,Esperantina,Araguatins,
1063,1706506.0,darcinópolis,Araguatins,
1064,1715002.0,Nova Rosalândia,Paraiso,
1065,1702158.0,Araguanã,Araguaina,Não possui degradação
1066,1707702.0,Filadélfia,Araguaina,
1067,1704600.0,Chapada de Areia,Paraiso,
1068,1700251.0,Abreulândia,Paraiso,
1069,1706506.0,darcinópolis,Araguatins,
1070,1713809.0,Palmeiras do Tocantins,Araguatins,
1071,1702109.0,Araguaína,Araguaina,
1072,1721109.0,Tocantínia,Miracema,
1073,1703107.0,Barrolândia,Paraiso,
1074,1702109.0,Araguaína,Araguaina,
1075,1701002.0,Ananás,Araguatins,
1076,1701002.0,Ananás,Araguatins,Pouco degradado
1077,1702109.0,Araguaína,Araguaina,
1078,1706506.0,darcinópolis,Araguatins,
1079,1707207.0,dois Irmãos do Tocantins,Paraiso,
1080,1716505.0,Pedro Afonso,Miracema,
1081,1702109.0,Araguaína,Araguaina,
1082,1703305.0,Bom Jesus do Tocantins,Miracema,
1083,1722081.0,Wanderlândia,Araguaina,
1084,1722081.0,Wanderlândia,Araguaina,
1085,1715002.0,Nova Rosalândia,Paraiso,
1086,1707009.0,Dianópolis,Taguatinga,
1087,1713601.0,Monte do Carmo,Porto,
1088,1715754.0,Palmeirópolis,Gurupi,
1089,1707009.0,Dianópolis,Taguatinga,
1090,1713809.0,Palmeiras do Tocantins,Araguatins,
1091,1702208.0,Araguatins,Araguatins,
1092,1717206.0,Piraquê,Araguaina,
1093,1702109.0,Araguaína,Araguaina,
1094,1714880.0,Nova Olinda,Araguaina,
1095,1702208.0,Araguatins,Araguatins,
1096,1716109.0,Paraíso do Tocantins,Paraiso,
1097,1703305.0,Bom Jesus do Tocantins,Miracema,
1098,1704600.0,Chapada de Areia,Paraiso,
1099,1716109.0,Paraíso do Tocantins,Paraiso,
1100,1713304.0,Miranorte,Miracema,
1101,1703909.0,Caseara,Paraiso,Não possui degradação
1102,1706258.0,Crixás do Tocantins,Gurupi,
1103,1713700.0,Monte Santo do Tocantins,Paraiso,
1104,1713700.0,Monte Santo do Tocantins,Paraiso,Não possui degradação
1105,1715259.0,Novo Jardim,Taguatinga,Não possui degradação
1106,1717503.0,Pium,Paraiso,
1107,1703909.0,Caseara,Paraiso,
1108,1718881.0,Santa Maria do Tocantins,Miracema,
1109,1720655.0,Silvanópolis,Porto,
1110,1714880.0,Nova Olinda,Araguaina,
1111,1703057.0,Bandeirantes do Tocantins,Araguatins,
1112,1709500.0,Gurupi,Gurupi,
1113,1718303.0,Praia Norte,Araguatins,
1114,1716109.0,Paraíso do Tocantins,Paraiso,
1115,1701002.0,Ananás,Araguatins,Pouco degradado
1116,1701002.0,Ananás,Araguatins,Não possui degradação
1117,1713304.0,Miranorte,Miracema,Não possui degradação
1118,1713809.0,Palmeiras do Tocantins,Araguatins,Degradação Média
1119,1707702.0,Filadélfia,Araguaina,Muito degradado
1120,1713809.0,Palmeiras do Tocantins,Araguatins,Pouco degradado
1121,1713809.0,Palmeiras do Tocantins,Araguatins,Pouco degradado
1122,1713304.0,Miranorte,Miracema,Não possui degradação
1123,1701002.0,Ananás,Araguatins,Não possui degradação
1124,1701002.0,Ananás,Araguatins,Não possui degradação
1125,1707009.0,Dianópolis,Taguatinga,Degradação Média
1126,1702158.0,Araguanã,Araguaina,Pouco degradado
1127,1707702.0,Filadélfia,Araguaina,Pouco degradado
1128,1702703.0,Aurora do Tocantins,Taguatinga,Não possui degradação
1129,1701002.0,Ananás,Araguatins,Pouco degradado
1130,1713304.0,Miranorte,Miracema,Não possui degradação
1131,1701002.0,Ananás,Araguatins,Pouco degradado
1132,1713957.0,Muricilândia,Araguaina,Pouco degradado
1133,1703107.0,Barrolândia,Paraiso,Pouco degradado
1134,1701002.0,Ananás,Araguatins,Pouco degradado
1135,1701002.0,Ananás,Araguatins,Pouco degradado
1136,1713304.0,Miranorte,Miracema,Não possui degradação
1137,1701002.0,Ananás,Araguatins,Pouco degradado
1138,1710706.0,Itaguatins,Araguatins,Pouco degradado
1139,1718550.0,Riachinho,Araguatins,Pouco degradado
1140,1707009.0,Dianópolis,Taguatinga,Pouco degradado
1141,1709500.0,Gurupi,Gurupi,Pouco degradado
1142,1703305.0,Bom Jesus do Tocantins,Miracema,Não possui degradação
1143,1718758.0,Rio Sono,Miracema,Não possui degradação
1144,1702109.0,Araguaína,Araguaina,Não possui degradação
1145,1702901.0,Axixá do Tocantins,Araguatins,Não possui degradação
1146,1722107.0,Xambioá,Araguaina,Degradação Média
1147,1713809.0,Palmeiras do Tocantins,Araguatins,Pouco degradado
1148,1713304.0,Miranorte,Miracema,Não possui degradação
1149,1718881.0,Santa Maria do Tocantins,Miracema,Pouco degradado
1150,1717503.0,Pium,Paraiso,Degradação Média
1151,1711100.0,Itaporã do Tocantins,Colinas,Não possui degradação
1152,1718451.0,Pugmil,Paraiso,Não possui degradação
1153,1707702.0,Filadélfia,Araguaina,Pouco degradado
1154,1715002.0,Nova Rosalândia,Paraiso,Degradação Média
1155,1717503.0,Pium,Paraiso,Pouco degradado
1156,1707207.0,dois Irmãos do Tocantins,Paraiso,Pouco degradado
1157,1701309.0,Aragominas,Araguaina,Pouco degradado
1158,1701309.0,Aragominas,Araguaina,Degradação Média
1159,1713304.0,Miranorte,Miracema,Não possui degradação
1160,1713304.0,Miranorte,Miracema,Não possui degradação
1161,1707108.0,Divinópolis do Tocantins,Paraiso,Não possui degradação
1162,1713304.0,Miranorte,Miracema,Não possui degradação
1163,1707009.0,Dianópolis,Taguatinga,
1164,1707207.0,dois Irmãos do Tocantins,Paraiso,Pouco degradado
1165,1702109.0,Araguaína,Araguaina,Não possui degradação
1166,1702109.0,Araguaína,Araguaina,Não possui degradação
1167,1703008.0,Babaçulândia,Araguaina,Degradação Média
1168,1710706.0,Itaguatins,Araguatins,Não possui degradação
1169,1720259.0,São Salvador do Tocantins,Gurupi,Não possui degradação
1170,1718709.0,Rio dos Bois,Miracema,Pouco degradado
1171,1707009.0,Dianópolis,Taguatinga,Não possui degradação
1172,1717503.0,Pium,Paraiso,Não possui degradação
1173,1702158.0,Araguanã,Araguaina,Pouco degradado
1174,1702109.0,Araguaína,Araguaina,Pouco degradado
1175,1706100.0,Cristalândia,Paraiso,Não possui degradação
1176,1704600.0,Chapada de Areia,Paraiso,Não possui degradação
1177,1707009.0,Dianópolis,Taguatinga,Não possui degradação
1178,1717503.0,Pium,Paraiso,Pouco degradado
1179,1718709.0,Rio dos Bois,Miracema,Não possui degradação
1180,1707702.0,Filadélfia,Araguaina,Não possui degradação
1181,1700400.0,Almas,Taguatinga,Pouco degradado
1182,1717503.0,Pium,Paraiso,Não possui degradação
1183,1709500.0,Gurupi,Gurupi,Não possui degradação
1184,1720978.0,Talismã,Gurupi,Não possui degradação
1185,1720655.0,Silvanópolis,Porto,Pouco degradado
1186,1706100.0,Cristalândia,Paraiso,Degradação Média
1187,1702208.0,Araguatins,Araguatins,Muito degradado
1188,1702109.0,Araguaína,Araguaina,Pouco degradado
1189,1715002.0,Nova Rosalândia,Paraiso,Degradação Média
1190,1720655.0,Silvanópolis,Porto,Degradação Média
1191,1717503.0,Pium,Paraiso,Degradação Média
1192,1715259.0,Novo Jardim,Taguatinga,Não possui degradação
1193,1715259.0,Novo Jardim,Taguatinga,Não possui degradação
1194,1717503.0,Pium,Paraiso,Não possui degradação
1195,1721109.0,Tocantínia,Miracema,Não possui degradação
1196,1718865.0,Santa Fé do Araguaia,Araguaina,Pouco degradado
1197,1706100.0,Cristalândia,Paraiso,Pouco degradado
1198,1715002.0,Nova Rosalândia,Paraiso,Degradação Média
1199,1706100.0,Cristalândia,Paraiso,Não possui degradação
1200,1702109.0,Araguaína,Araguaina,Pouco degradado
1201,1720655.0,Silvanópolis,Porto,Degradação Média
1202,1703909.0,Caseara,Paraiso,Não possui degradação
1203,1720101.0,São Bento do Tocantins,Araguatins,Pouco degradado
1204,1707009.0,Dianópolis,Taguatinga,Não possui degradação
1205,1702158.0,Araguanã,Araguaina,Não possui degradação
1206,,,Miracema,Não possui degradação
1207,1717503.0,Pium,Paraiso,Pouco degradado
1208,1713957.0,Muricilândia,Araguaina,Degradação Média
1209,1718865.0,Santa Fé do Araguaia,Araguaina,Pouco degradado
1210,1702109.0,Araguaína,Araguaina,Não possui degradação
1211,1702208.0,Araguatins,Araguatins,Não possui degradação
1212,1702208.0,Araguatins,Araguatins,Não possui degradação
1213,1702000.0,Araguaçu,Gurupi,Pouco degradado
1214,1709302.0,Guaraí,Colinas,Pouco degradado
1215,1709302.0,Guaraí,Colinas,Pouco degradado
1216,1701101.0,Aparecida do Rio Negro,Porto,Pouco degradado
1217,1702208.0,Araguatins,Araguatins,Não possui degradação
1218,1718659.0,Rio da Conceição,Taguatinga,Muito degradado
1219,1701051.0,Angico,Araguatins,Não possui degradação
1220,1717503.0,Pium,Paraiso,Pouco degradado
1221,1713957.0,Muricilândia,Araguaina,Pouco degradado
1222,1720002.0,Santa Terezinha do Tocantins,Araguatins,Não possui degradação
1223,1707553.0,Fátima,Porto,Pouco degradado
1224,1713205.0,Miracema do Tocantins,Miracema,Não possui degradação
1225,1716604.0,Peixe,Gurupi,Pouco degradado
1226,1716604.0,Peixe,Gurupi,Pouco degradado
1227,1700350.0,Aliança do Tocantins,Gurupi,Não possui degradação
1228,1706100.0,Cristalândia,Paraiso,Pouco degradado
1229,1716109.0,Paraíso do Tocantins,Paraiso,Pouco degradado
1230,1704600.0,Chapada de Areia,Paraiso,Degradação Média
1231,1717503.0,Pium,Paraiso,Pouco degradado
1232,1716703.0,Colméia,Colinas,Não possui degradação
1233,1716703.0,Colméia,Colinas,Não possui degradação
1234,1705102.0,Chapada da Natividade,Porto,Pouco degradado
1235,1718758.0,Rio Sono,Miracema,Pouco degradado
1236,1718451.0,Pugmil,Paraiso,Pouco degradado
1237,1707207.0,dois Irmãos do Tocantins,Paraiso,Não possui degradação
1238,1717800.0,Ponte Alta do Bom Jesus,Taguatinga,Não possui degradação
1239,1709807.0,Ipueiras,Porto,Pouco degradado
1240,1717800.0,Ponte Alta do Bom Jesus,Taguatinga,Degradação Média
1241,1702109.0,Araguaína,Araguaina,Pouco degradado
1242,1707009.0,Dianópolis,Taguatinga,Não possui degradação
1243,1718758.0,Rio Sono,Miracema,Pouco degradado
1244,1714880.0,Nova Olinda,Araguaina,Não possui degradação
1245,1713304.0,Miranorte,Miracema,Não possui degradação
1246,1707009.0,Dianópolis,Taguatinga,Não possui degradação
1247,1703057.0,Bandeirantes do Tocantins,Araguatins,Degradação Média
1248,1700400.0,Almas,Taguatinga,Não possui degradação
1249,1702109.0,Araguaína,Araguaina,Pouco degradado
1250,1722107.0,Xambioá,Araguaina,Não possui degradação
1251,1717206.0,Piraquê,Araguaina,Pouco degradado
1252,1702109.0,Araguaína,Araguaina,Pouco degradado
1253,1717503.0,Pium,Paraiso,Pouco degradado
1254,1707009.0,Dianópolis,Taguatinga,Não possui degradação
1255,1707009.0,Dianópolis,Taguatinga,Não possui degradação
1256,1707009.0,Dianópolis,Taguatinga,Não possui degradação
1257,1707009.0,Dianópolis,Taguatinga,Não possui degradação
1258,1717206.0,Piraquê,Araguaina,Pouco degradado
1259,1708254.0,Fortaleza do Tabocão,Miracema,Pouco degradado
1260,1702901.0,Axixá do Tocantins,Araguatins,Não possui degradação
1261,1713304.0,Miranorte,Miracema,Não possui degradação
1262,1702901.0,Axixá do Tocantins,Araguatins,Não possui degradação
1263,1704600.0,Chapada de Areia,Paraiso,Degradação Média
1264,1707009.0,Dianópolis,Taguatinga,Não possui degradação
1265,1704600.0,Chapada de Areia,Paraiso,Não possui degradação
1266,1707009.0,Dianópolis,Taguatinga,Não possui degradação
1267,1715101.0,Novo Acordo,Porto,Pouco degradado
1268,1703057.0,Bandeirantes do Tocantins,Araguatins,Degradação Média
1269,1707009.0,Dianópolis,Taguatinga,Pouco degradado
1270,1702109.0,Araguaína,Araguaina,Pouco degradado
1271,1703305.0,Bom Jesus do Tocantins,Miracema,Não possui degradação
1272,1714880.0,Nova Olinda,Araguaina,Pouco degradado
1273,1703057.0,Bandeirantes do Tocantins,Araguatins,Pouco degradado
1274,1714880.0,Nova Olinda,Araguaina,Não possui degradação
1275,1704600.0,Chapada de Areia,Paraiso,Não possui degradação
1276,1707009.0,Dianópolis,Taguatinga,Não possui degradação
1277,1704600.0,Chapada de Areia,Paraiso,Muito degradado
1278,1702109.0,Araguaína,Araguaina,Pouco degradado
1279,1709005.0,Goiatins,Araguaina,Pouco degradado
1280,1704600.0,Chapada de Areia,Paraiso,Pouco degradado
1281,1718709.0,Rio dos Bois,Miracema,Não possui degradação
1282,1703008.0,Babaçulândia,Araguaina,Pouco degradado
1283,1717206.0,Piraquê,Araguaina,Degradação Média
1284,1704600.0,Chapada de Areia,Paraiso,Não possui degradação
1285,1707207.0,dois Irmãos do Tocantins,Miracema,
1286,1718709.0,Rio dos Bois,Miracema,
1287,1713205.0,Miracema do Tocantins,Miracema,
1288,1707009.0,Dianópolis,Taguatinga,
1289,1713304.0,Miranorte,Miracema,
1290,1718758.0,Rio Sono,Miracema,
1291,1718758.0,Rio Sono,Miracema,
1292,1713809.0,Palmeiras do Tocantins,Araguatins,
1293,1718758.0,Rio Sono,Miracema,
1294,1716505.0,Pedro Afonso,Miracema,
1295,1713205.0,Miracema do Tocantins,Miracema,
1296,1713205.0,Miracema do Tocantins,Paraiso,Pouco degradado
1297,1721109.0,Tocantínia,Miracema,
1298,1718659.0,Rio da Conceição,Taguatinga,
1299,1717800.0,Ponte Alta do Bom Jesus,Taguatinga,
1300,1722107.0,Xambioá,Araguaina,
1301,1706506.0,darcinópolis,Araguatins,
1302,1713809.0,Palmeiras do Tocantins,Araguatins,
1303,1706100.0,Cristalândia,Paraiso,
1304,1700251.0,Abreulândia,Paraiso,
1305,1718758.0,Rio Sono,Miracema,
1306,1718881.0,Santa Maria do Tocantins,Miracema,
1307,1715754.0,Palmeirópolis,Gurupi,
1308,1717800.0,Ponte Alta do Bom Jesus,Taguatinga,
1309,1721109.0,Tocantínia,Miracema,
1310,1721257.0,Tupirama,Miracema,
1311,1703909.0,Caseara,Paraiso,
1312,1720804.0,Sítio Novo do Tocantins,Araguatins,
1313,1718659.0,Rio da Conceição,Taguatinga,
1314,1713809.0,Palmeiras do Tocantins,Araguatins,
1315,1718659.0,Rio da Conceição,Taguatinga,
1316,1718451.0,Pugmil,Paraiso,
1317,1713809.0,Palmeiras do Tocantins,Araguatins,
1318,1718550.0,Riachinho,Araguatins,
1319,1706506.0,darcinópolis,Araguatins,
1320,1700707.0,Alvorada,Gurupi,
1321,,,Araguaina,
1322,1713809.0,Palmeiras do Tocantins,Araguatins,
1323,1713809.0,Palmeiras do Tocantins,Araguatins,
1324,1715002.0,Nova Rosalândia,Paraiso,
