uso_de_praticas_sustentaveis_,qual_o_nivel_de_degradacao_que_predomina_nas_pastagens_,municipio_ibge,count
Não Usa,Degradação Média,Marianópolis do Tocantins,10
"Aceiros, Adubação",,Palmeiras do Tocantins,8
"Aceiros, Calagem, Adubação",Não possui degradação,Miranorte,8
"Aceiros, Adubação",Não possui degradação,Miranorte,7
"Aceiros, Adubação",Não possui degradação,Miranorte,6
"Aceiros, Calagem, Adubação",Não possui degradação,Guaraí,6
"Aceiros, Consórcio",Pouco degradado,Ananás,6
Aceiros,,Xambioá,5
Não Usa,,Lajeado,5
"Aceiros, Recuperação de pastagens",Pouco degradado,Araguaína,5
Rotação de Cultura,Não possui degradação,Paranã,5
Aceiros,Não possui degradação,Talismã,5
"Aceiros, Descarte correto de embalagens",Degradação Média,Sítio Novo do Tocantins,4
"Rotação de Cultura, Aceiros, Consórcio, Recuperação de pastagens, Plantio direto",Pouco degradado,Paranã,4
"Aceiros, Recuperação de pastagens",Pouco degradado,Piraquê,4
Aceiros,Não possui degradação,Alvorada,4
Aceiros,Degradação Média,Chapada de Areia,4
Consórcio,,Tocantínia,4
Adubação,Degradação Média,Marianópolis do Tocantins,4
Aceiros,Não possui degradação,Talismã,4
"Aceiros, Descarte correto de embalagens, Adubação",Pouco degradado,Palmeiras do Tocantins,4
Aceiros,,Tupirama,4
Aceiros,Pouco degradado,Axixá do Tocantins,4
"Aceiros, Calagem",Pouco degradado,Gurupi,4
Aceiros,Pouco degradado,Ponte Alta do Bom Jesus,4
Aceiros,Pouco degradado,Araguanã,4
"Aceiros, Adubação",Pouco degradado,Pium,3
"Adubação verde, Plantio direto",Não possui degradação,Chapada de Areia,3
"Aceiros, Calagem, Adubação",Pouco degradado,Araguaína,3
Aceiros,Pouco degradado,Monte do Carmo,3
Adubação verde,,Paraíso do Tocantins,3
"Aceiros, Calagem",Degradação Média,Porto Alegre do Tocantins,3
"Aceiros, Plantio direto, Adubação",,Carmolândia,3
"Rotação de Cultura, Aceiros, Adubação",Não possui degradação,Miranorte,3
"Plantio direto, Adubação",Degradação Média,Xambioá,3
Não Usa,,Caseara,3
"Adubação verde, Plantio direto",Não possui degradação,Monte Santo do Tocantins,3
Não Usa,Não possui degradação,Talismã,3
Aceiros,Pouco degradado,Pedro Afonso,3
"Calagem, Recuperação de pastagens, Adubação",Pouco degradado,Figueirópolis,3
Aceiros,Pouco degradado,Paraíso do Tocantins,3
"Aceiros, Adubação",,Palmeiras do Tocantins,3
Aceiros,,Carmolândia,3
Aceiros,,São Bento do Tocantins,3
"Aceiros, Calagem, Adubação",Não possui degradação,Marianópolis do Tocantins,3
"Aceiros, Calagem, Adubação",Pouco degradado,Guaraí,3
Aceiros,Pouco degradado,Chapada de Areia,3
Aceiros,Pouco degradado,Filadélfia,3
"Aceiros, Calagem, Adubação",Pouco degradado,dois Irmãos do Tocantins,3
Não Usa,Não possui degradação,Caseara,3
"Aceiros, Adubação",Não possui degradação,Pium,3
"Rotação de Cultura, Aceiros",Não possui degradação,Ananás,3
Aceiros,Pouco degradado,Xambioá,3
"Aceiros, Calagem, Adubação",Pouco degradado,Araguaína,3
Aceiros,Não possui degradação,Pedro Afonso,3
"Rotação de Cultura, Descarte correto de embalagens, Adubação",,Palmeiras do Tocantins,2
Aceiros,,Pedro Afonso,2
"Rotação de Cultura, Aceiros",,Xambioá,2
"Aceiros, Calagem, Adubação",Não possui degradação,Miranorte,2
"Adubação verde, Plantio direto",,Chapada de Areia,2
"Reaproveitamento de residuos, Plantio direto, Adubação",Degradação Média,Nova Rosalândia,2
"Rotação de Cultura, Aceiros, Recuperação de pastagens",Pouco degradado,Araguaína,2
"Adubação verde, Plantio direto",,Palmas,2
"Adubação verde, Rotação de Cultura, Aceiros",Pouco degradado,Araguanã,2
"Curva de nível, Aceiros, Calagem, Consórcio, ILP - Integração Lavoura Pecuária, Descarte correto de embalagens, Recuperação de pastagens, Adubação",Pouco degradado,Palmeiras do Tocantins,2
Aceiros,Degradação Média,Pedro Afonso,2
"Rotação de Cultura, Aceiros, Descarte correto de embalagens, Adubação",,Palmeiras do Tocantins,2
Aceiros,Não possui degradação,Araguanã,2
Adubação verde,Pouco degradado,Chapada de Areia,2
"Rotação de Cultura, Aceiros, Calagem, Consórcio, Adubação",,darcinópolis,2
Aceiros,Pouco degradado,Muricilândia,2
"Aceiros, Calagem, Adubação",Pouco degradado,Guaraí,2
Plantio direto,Não possui degradação,Rio Sono,2
"Aceiros, Recuperação de pastagens, Adubação",Pouco degradado,Piraquê,2
Consórcio,,Ananás,2
"Aceiros, Calagem",Não possui degradação,Gurupi,2
"Aceiros, Calagem, Adubação",,Rio dos Bois,2
Aceiros,Pouco degradado,Miranorte,2
"Aceiros, Calagem, Adubação",Pouco degradado,Ipueiras,2
Aceiros,Degradação Média,Santa Fé do Araguaia,2
"Aceiros, Calagem",Pouco degradado,Gurupi,2
"Aceiros, Adubação",,dois Irmãos do Tocantins,2
Aceiros,Pouco degradado,Filadélfia,2
"Aceiros, Calagem, Adubação",Não possui degradação,Miranorte,2
Não Usa,Pouco degradado,Paraíso do Tocantins,2
"Aceiros, Calagem, Adubação",Pouco degradado,Rio dos Bois,2
"Aceiros, Calagem, Adubação",Não possui degradação,Dianópolis,2
"Adubação verde, Reaproveitamento de residuos, Rotação de Cultura, Aceiros, Calagem, Recuperação de pastagens, Plantio direto, Adubação",Pouco degradado,Couto Magalhães,2
Reaproveitamento de residuos,,Paraíso do Tocantins,2
Plantio direto,,Rio Sono,2
"Aceiros, Adubação",Pouco degradado,dois Irmãos do Tocantins,2
"Aceiros, Calagem, Adubação",Pouco degradado,Muricilândia,2
"Aceiros, Calagem, Adubação",Pouco degradado,Santa Fé do Araguaia,2
Recuperação de pastagens,Pouco degradado,Divinópolis do Tocantins,2
"Rotação de Cultura, Aceiros, Recuperação de pastagens, Adubação",Degradação Média,Chapada da Natividade,2
"Aceiros, Calagem",,Rio dos Bois,2
Adubação verde,,Chapada de Areia,2
"Aceiros, Calagem, Adubação",Não possui degradação,Guaraí,2
"Rotação de Cultura, Aceiros, Consórcio, Recuperação de pastagens, Plantio direto",Degradação Média,Paranã,2
Aceiros,Pouco degradado,Monte do Carmo,2
Não Usa,,Divinópolis do Tocantins,2
"Aceiros, Calagem",Degradação Média,Aliança do Tocantins,2
"Rotação de Cultura, Adubação",,São Miguel do Tocantins,2
"Aceiros, Calagem, Descarte correto de embalagens",Pouco degradado,Goiatins,2
"Rotação de Cultura, Aceiros",,Araguaína,2
"Adubação verde, Aceiros",,Bom Jesus do Tocantins,2
Aceiros,,Pium,2
"Reaproveitamento de residuos, Consórcio",,Ananás,2
"Calagem, Adubação",Não possui degradação,Guaraí,2
"Aceiros, Adubação",Pouco degradado,Araguaína,2
Adubação,Não possui degradação,Novo Jardim,2
Aceiros,Não possui degradação,Marianópolis do Tocantins,2
"Aceiros, Calagem",,Gurupi,2
Aceiros,Não possui degradação,Monte Santo do Tocantins,2
"Aceiros, Calagem, Adubação",Pouco degradado,Miranorte,2
"Calagem, Plantio direto, Adubação",Degradação Média,Nova Rosalândia,2
"Aceiros, Calagem, Adubação",,Nova Olinda,2
"Calagem, Consórcio, Adubação",,Araguaína,2
Não Usa,Não possui degradação,Talismã,2
Aceiros,Não possui degradação,Dianópolis,2
Aceiros,Pouco degradado,Filadélfia,2
"Aceiros, Calagem, Adubação",Não possui degradação,Pium,2
Aceiros,Não possui degradação,Miranorte,2
"Aceiros, Recuperação de pastagens",Não possui degradação,Piraquê,2
"Rotação de Cultura, Aceiros",Não possui degradação,Araguanã,2
Aceiros,Pouco degradado,Divinópolis do Tocantins,2
Não Usa,Pouco degradado,Abreulândia,2
"Aceiros, Descarte correto de embalagens, Adubação",,darcinópolis,2
"Reaproveitamento de residuos, Calagem, Plantio direto, Adubação",,Nova Rosalândia,2
Adubação,,Dianópolis,2
"Adubação verde, Plantio direto",,Paraíso do Tocantins,2
"Aceiros, Consórcio",,Araguaína,2
Aceiros,Pouco degradado,Talismã,2
"Aceiros, Descarte correto de embalagens, Recuperação de pastagens",Pouco degradado,Barrolândia,2
"Aceiros, Descarte correto de embalagens, Recuperação de pastagens",Não possui degradação,Filadélfia,2
Aceiros,,Filadélfia,2
"Adubação verde, Calagem, Plantio direto, Adubação",Degradação Média,Nova Rosalândia,2
Não Usa,Degradação Média,Gurupi,2
Aceiros,Pouco degradado,Filadélfia,2
"Curva de nível, Reaproveitamento de residuos",,Couto Magalhães,2
"Aceiros, Calagem, Adubação",Pouco degradado,Pium,2
Aceiros,Não possui degradação,Pium,2
Adubação,,Lagoa da Confusão,2
"Aceiros, Adubação",Degradação Média,Peixe,2
Aceiros,Pouco degradado,Cristalândia,2
"Rotação de Cultura, Aceiros, Calagem, Adubação",,Nova Olinda,2
"Aceiros, Calagem, Recuperação de pastagens",Pouco degradado,Goiatins,2
"Aceiros, Adubação",Pouco degradado,Sucupira,2
"Adubação verde, Plantio direto",Pouco degradado,Chapada de Areia,2
Aceiros,,Ponte Alta do Bom Jesus,2
"Aceiros, Descarte correto de embalagens",,Sítio Novo do Tocantins,2
"Aceiros, Adubação",Degradação Média,Pium,2
Aceiros,Pouco degradado,Aurora do Tocantins,2
Calagem,Não possui degradação,Almas,2
"Aceiros, Recuperação de pastagens",Degradação Média,Luzinópolis,2
"Aceiros, Plantio direto, Adubação",,Santa Maria do Tocantins,2
"Aceiros, Adubação",,Pium,2
Não Usa,,Caseara,2
Aceiros,,Gurupi,2
"Rotação de Cultura, Aceiros",Pouco degradado,Araguanã,2
Aceiros,,Tupirama,2
"Aceiros, Consórcio, Adubação",Não possui degradação,Araguaína,2
Não Usa,,Esperantina,1
"Aceiros, Calagem",,Marianópolis do Tocantins,1
"Aceiros, Aproveitamento da floresta",,São Bento do Tocantins,1
Aceiros,Degradação Média,Jaú do Tocantins,1
"Aceiros, Plantio direto",Não possui degradação,Rio Sono,1
Aceiros,,Divinópolis do Tocantins,1
"Adubação verde, Reaproveitamento de residuos, Rotação de Cultura, Aceiros, Consórcio, Plantio direto",,Babaçulândia,1
"Curva de nível, Adubação verde, Aceiros, Calagem",,Almas,1
"Rotação de Cultura, Aceiros, Consórcio",,Luzinópolis,1
"Aceiros, Calagem, Adubação",,Cristalândia,1
"Aceiros, Descarte correto de embalagens",,Filadélfia,1
"Aceiros, Calagem, Adubação",Pouco degradado,Palmeirópolis,1
"Aceiros, Não Usa",,Filadélfia,1
Reaproveitamento de residuos,,Ananás,1
"Adubação verde, Calagem, Plantio direto, Adubação",Pouco degradado,Rio da Conceição,1
"Rotação de Cultura, Aceiros",,Dianópolis,1
"Aceiros, Descarte correto de embalagens, Recuperação de pastagens",Degradação Média,Xambioá,1
"Adubação verde, Aceiros",Não possui degradação,Almas,1
"Rotação de Cultura, Aceiros, Adubação",,São Miguel do Tocantins,1
Aceiros,Degradação Média,Gurupi,1
"Consórcio, Adubação",,Tocantínia,1
"Aceiros, Recuperação de pastagens",,Filadélfia,1
"Curva de nível, Adubação verde, Aceiros, Calagem, Adubação",Pouco degradado,,1
"Aceiros, Calagem, Adubação",,Araguaína,1
"Aceiros, Adubação",,Araguaína,1
Rotação de Cultura,Não possui degradação,Novo Jardim,1
"Aceiros, Adubação",Não possui degradação,Gurupi,1
"Aceiros, Calagem",Degradação Média,Cristalândia,1
"Aceiros, Não Usa",Não possui degradação,Cristalândia,1
Recuperação de pastagens,Pouco degradado,Araguaçu,1
Aceiros,Pouco degradado,Alvorada,1
"Aceiros, Calagem, Adubação",,Aragominas,1
"Curva de nível, Adubação verde, Rotação de Cultura, Calagem, ILP - Integração Lavoura Pecuária, Recuperação de pastagens, Plantio direto, Adubação",Não possui degradação,Couto Magalhães,1
"Curva de nível, Adubação verde, Calagem, Adubação",Não possui degradação,Guaraí,1
Aceiros,Não possui degradação,Gurupi,1
"Rotação de Cultura, Calagem, Recuperação de pastagens, Não Usa",Muito degradado,Araguatins,1
"Aceiros, Calagem, Recuperação de pastagens",Pouco degradado,Ponte Alta do Bom Jesus,1
"Aceiros, Calagem, Recuperação de pastagens, Adubação",Degradação Média,Silvanópolis,1
"Rotação de Cultura, Aceiros, Calagem, Adubação",Pouco degradado,Peixe,1
"Aceiros, Plantio direto",Não possui degradação,Divinópolis do Tocantins,1
"Aceiros, Adubação",Pouco degradado,Santa Fé do Araguaia,1
"Aceiros, Calagem, Adubação",,Araguaína,1
"Aceiros, Consórcio",,Nova Olinda,1
Aceiros,,Gurupi,1
Plantio direto,,Chapada de Areia,1
Não Usa,Degradação Média,Dueré,1
"Curva de nível, Adubação verde, Aceiros, Calagem, Recuperação de pastagens, Adubação",Pouco degradado,Guaraí,1
"Aceiros, Recuperação de pastagens",,Araguaçu,1
Aceiros,Não possui degradação,Guaraí,1
Aceiros,Pouco degradado,Monte Santo do Tocantins,1
"Aceiros, Calagem, Adubação",Não possui degradação,Sucupira,1
"Aceiros, Adubação",Degradação Média,Filadélfia,1
"Adubação verde, Aceiros, Calagem, Adubação",,dois Irmãos do Tocantins,1
"Aceiros, Descarte correto de embalagens",Pouco degradado,Alvorada,1
Aceiros,Muito degradado,Sucupira,1
"Calagem, Plantio direto, Adubação",Degradação Média,Nova Rosalândia,1
"Adubação verde, Rotação de Cultura, Aceiros, Calagem, Recuperação de pastagens, Plantio direto, Adubação",Não possui degradação,Pugmil,1
"Rotação de Cultura, Aceiros, Adubação",Pouco degradado,Pium,1
"Adubação verde, Reaproveitamento de residuos, Aceiros, Descarte correto de embalagens, Adubação",Pouco degradado,Almas,1
"Aceiros, Calagem, Recuperação de pastagens",Degradação Média,Silvanópolis,1
Não Usa,Pouco degradado,Paraíso do Tocantins,1
"Aceiros, Calagem, Adubação",Pouco degradado,Dueré,1
"Adubação verde, Reaproveitamento de residuos, Rotação de Cultura, Aceiros, Descarte correto de embalagens",Não possui degradação,Almas,1
"Aceiros, Descarte correto de embalagens, Plantio direto",Não possui degradação,Araguaína,1
Aceiros,Degradação Média,Colméia,1
"Adubação verde, Rotação de Cultura",Não possui degradação,Paranã,1
Plantio direto,Degradação Média,Chapada de Areia,1
Aceiros,Degradação Média,Peixe,1
"Adubação verde, Plantio direto, Adubação",,Rio da Conceição,1
Calagem,Não possui degradação,Dianópolis,1
"Rotação de Cultura, Aceiros, Calagem, Recuperação de pastagens, Adubação",Degradação Média,Silvanópolis,1
"Aceiros, Descarte correto de embalagens, Recuperação de pastagens, Adubação",Não possui degradação,Barrolândia,1
"Rotação de Cultura, Calagem, Consórcio, Adubação",Não possui degradação,Nova Olinda,1
"Adubação verde, Rotação de Cultura, Plantio direto, Adubação",Degradação Média,Nova Rosalândia,1
"Aceiros, Calagem, Adubação",Degradação Média,dois Irmãos do Tocantins,1
"Reaproveitamento de residuos, Aceiros",Não possui degradação,Cristalândia,1
Plantio direto,,Esperantina,1
Aceiros,Pouco degradado,Ipueiras,1
"Adubação verde, Aceiros, Recuperação de pastagens, Adubação",Pouco degradado,Chapada da Natividade,1
"Aceiros, Recuperação de pastagens, Plantio direto",Não possui degradação,Rio Sono,1
Aceiros,Não possui degradação,Divinópolis do Tocantins,1
ILP - Integração Lavoura Pecuária,Não possui degradação,Dianópolis,1
"Reaproveitamento de residuos, Aceiros, Calagem, Descarte correto de embalagens, Adubação",Não possui degradação,Palmeiras do Tocantins,1
Aceiros,,Abreulândia,1
"Aceiros, Recuperação de pastagens",,Palmeiras do Tocantins,1
Não Usa,Não possui degradação,Caseara,1
Reaproveitamento de residuos,,Novo Acordo,1
"Aceiros, Recuperação de pastagens",Pouco degradado,Barrolândia,1
"Curva de nível, Adubação verde, Rotação de Cultura, Aceiros",,Almas,1
Aceiros,Não possui degradação,Ponte Alta do Bom Jesus,1
"Adubação verde, Aceiros, Calagem, Consórcio, Adubação",Pouco degradado,Guaraí,1
"Aceiros, Calagem, Recuperação de pastagens, Adubação",Degradação Média,Araguaçu,1
"Aceiros, Descarte correto de embalagens, Recuperação de pastagens, Plantio direto",Pouco degradado,Barrolândia,1
"Rotação de Cultura, Calagem, Adubação",,Crixás do Tocantins,1
"Rotação de Cultura, Aceiros, Consórcio, Recuperação de pastagens, Plantio direto, Adubação",Pouco degradado,Paranã,1
Rotação de Cultura,,Figueirópolis,1
"Adubação verde, Rotação de Cultura, Aceiros",Não possui degradação,Paranã,1
"Reaproveitamento de residuos, Rotação de Cultura, Calagem, Descarte correto de embalagens, Adubação",,Fortaleza do Tabocão,1
"Rotação de Cultura, Aceiros, Calagem, Consórcio, Plantio direto, Adubação",,Araguatins,1
"Rotação de Cultura, Aceiros, Consórcio, Adubação",,Angico,1
"Rotação de Cultura, Aceiros, Plantio direto",,Babaçulândia,1
"Adubação verde, Reaproveitamento de residuos, Calagem, Adubação",,Porto Nacional,1
"Reaproveitamento de residuos, Aceiros, Adubação",,darcinópolis,1
"Rotação de Cultura, Consórcio",Não possui degradação,Paranã,1
"Rotação de Cultura, Calagem, ILP - Integração Lavoura Pecuária, Plantio direto, Adubação",Não possui degradação,Lagoa da Confusão,1
Aceiros,Pouco degradado,Axixá do Tocantins,1
"Adubação verde, Aceiros",,Almas,1
Adubação,Degradação Média,Xambioá,1
"Aceiros, Adubação",Não possui degradação,Miranorte,1
Calagem,,Porto Alegre do Tocantins,1
"Adubação verde, Reaproveitamento de residuos, Aceiros, Consórcio, Descarte correto de embalagens",,Almas,1
"Rotação de Cultura, Aceiros, Consórcio, Descarte correto de embalagens, Recuperação de pastagens, Plantio direto",Pouco degradado,Paranã,1
Aceiros,,Palmas,1
Calagem,,Rio dos Bois,1
"Reaproveitamento de residuos, Aceiros, Consórcio",Não possui degradação,Paranã,1
"Aceiros, Não Usa",Degradação Média,Filadélfia,1
"Reaproveitamento de residuos, Rotação de Cultura, Aceiros, Calagem, Consórcio, Descarte correto de embalagens, Plantio direto, Adubação",,Araguatins,1
"Calagem, Adubação",,Filadélfia,1
"Adubação verde, Rotação de Cultura, Aceiros, Consórcio",,Pedro Afonso,1
"Rotação de Cultura, Aceiros, Recuperação de pastagens, Adubação",Pouco degradado,Peixe,1
Adubação,,Rio Sono,1
"Adubação verde, Aceiros, Plantio direto, Adubação",,Bom Jesus do Tocantins,1
"Aceiros, Adubação",Não possui degradação,Figueirópolis,1
"Rotação de Cultura, Aceiros",Pouco degradado,Divinópolis do Tocantins,1
Aceiros,Pouco degradado,Palmas,1
"Aceiros, Calagem, Plantio direto, Adubação",,dois Irmãos do Tocantins,1
"Rotação de Cultura, Aceiros",,Rio Sono,1
Curva de nível,,Novo Jardim,1
"Rotação de Cultura, Aceiros, Calagem, Recuperação de pastagens, Adubação",Pouco degradado,Chapada da Natividade,1
"Adubação verde, Reaproveitamento de residuos, Rotação de Cultura, Plantio direto, Adubação",,Palmas,1
Aceiros,Pouco degradado,Chapada da Natividade,1
Aceiros,Pouco degradado,Rio Sono,1
"Aceiros, Descarte correto de embalagens, Recuperação de pastagens, Adubação",Pouco degradado,Tocantínia,1
"Adubação verde, Adubação",Pouco degradado,Colméia,1
Adubação,,Barrolândia,1
"Calagem, Recuperação de pastagens",Pouco degradado,Cariri do Tocantins,1
Aceiros,Não possui degradação,Caseara,1
"Aceiros, Calagem, Adubação",Muito degradado,Silvanópolis,1
"Rotação de Cultura, Calagem",Pouco degradado,Paraíso do Tocantins,1
"Não Usa,",,Divinópolis do Tocantins,1
"Aceiros, Recuperação de pastagens",Pouco degradado,Axixá do Tocantins,1
Aceiros,Não possui degradação,Barrolândia,1
"Aceiros, Recuperação de pastagens",Pouco degradado,Itaguatins,1
"Rotação de Cultura, Aceiros",Pouco degradado,Xambioá,1
"Descarte correto de embalagens, Recuperação de pastagens, Adubação",,Dianópolis,1
"Aceiros, Calagem, Recuperação de pastagens, Adubação",Pouco degradado,Silvanópolis,1
"Recuperação de pastagens, Plantio direto",Pouco degradado,Xambioá,1
"Aceiros, Não Usa",Pouco degradado,Aliança do Tocantins,1
"Reaproveitamento de residuos, Rotação de Cultura, Calagem",,Barrolândia,1
"Rotação de Cultura, Consórcio, Adubação",Degradação Média,Tocantínia,1
"Adubação verde, Adubação",Degradação Média,Xambioá,1
"Aceiros, Recuperação de pastagens",Não possui degradação,Axixá do Tocantins,1
Não Usa,Muito degradado,Marianópolis do Tocantins,1
"Adubação verde, Aceiros",Não possui degradação,Pedro Afonso,1
"Aceiros, Adubação",Degradação Média,dois Irmãos do Tocantins,1
"Aceiros, Recuperação de pastagens",Pouco degradado,Axixá do Tocantins,1
"Aceiros, Consórcio",,Dianópolis,1
"Rotação de Cultura, Adubação",,Miracema do Tocantins,1
"Curva de nível, Adubação verde, Reaproveitamento de residuos, Rotação de Cultura",Degradação Média,Couto Magalhães,1
"Rotação de Cultura, Adubação",Degradação Média,Xambioá,1
Aceiros,Degradação Média,Axixá do Tocantins,1
"Consórcio, Descarte correto de embalagens, Recuperação de pastagens, Plantio direto, Adubação",Não possui degradação,Ananás,1
"Adubação verde, Aceiros, Calagem, Recuperação de pastagens, Adubação",Pouco degradado,Peixe,1
"Aceiros, Recuperação de pastagens",Pouco degradado,Axixá do Tocantins,1
"Aceiros, Calagem, Recuperação de pastagens, Adubação",,Figueirópolis,1
"Rotação de Cultura, Consórcio, Adubação",,Aguiarnópolis,1
"Aceiros, Plantio direto",Pouco degradado,Aragominas,1
"Rotação de Cultura, Descarte correto de embalagens, Recuperação de pastagens, Adubação",Pouco degradado,Axixá do Tocantins,1
"Rotação de Cultura, Aceiros, Calagem, Adubação",Pouco degradado,Palmeiras do Tocantins,1
"Aceiros, Adubação",Pouco degradado,Peixe,1
"Calagem, Recuperação de pastagens, Adubação",Pouco degradado,Peixe,1
"Rotação de Cultura, Adubação",Pouco degradado,Monte Santo do Tocantins,1
"Aceiros, Calagem, Adubação",Pouco degradado,Gurupi,1
"Aceiros, Consórcio, Adubação",Não possui degradação,Santa Terezinha do Tocantins,1
Aceiros,Degradação Média,Monte do Carmo,1
"Reaproveitamento de residuos, Rotação de Cultura, Aceiros, Consórcio, Recuperação de pastagens, Plantio direto",Pouco degradado,Babaçulândia,1
"Adubação verde, Plantio direto",Degradação Média,Monte Santo do Tocantins,1
"Plantio direto, Adubação",Pouco degradado,Goiatins,1
"Aceiros, Calagem, Recuperação de pastagens, Adubação",Não possui degradação,Divinópolis do Tocantins,1
"Plantio direto, Adubação",Pouco degradado,Dianópolis,1
"Reaproveitamento de residuos, Rotação de Cultura, Calagem, Adubação",Pouco degradado,Monte Santo do Tocantins,1
"Aceiros, Não Usa",Degradação Média,Barrolândia,1
"Reaproveitamento de residuos, Aceiros, Descarte correto de embalagens, Adubação",Pouco degradado,Fortaleza do Tabocão,1
Não Usa,Não possui degradação,Guaraí,1
"Aceiros, Adubação",Não possui degradação,Novo Jardim,1
"Rotação de Cultura, Plantio direto, Adubação",Degradação Média,Xambioá,1
"Adubação verde, Reaproveitamento de residuos, Aceiros, Calagem, Adubação",Não possui degradação,Almas,1
"Adubação verde, Adubação",Pouco degradado,Colméia,1
"Aceiros, Calagem, Adubação",Pouco degradado,Piraquê,1
Aceiros,Não possui degradação,Filadélfia,1
"Adubação verde, Aceiros, Consórcio, Descarte correto de embalagens, Recuperação de pastagens, Plantio direto",Pouco degradado,Paranã,1
Aceiros,Pouco degradado,,1
"Adubação verde, Reaproveitamento de residuos, Aceiros, Calagem, Adubação",Pouco degradado,Fortaleza do Tabocão,1
"Aceiros, Calagem",Não possui degradação,Dianópolis,1
"Rotação de Cultura, Aceiros, Descarte correto de embalagens",Não possui degradação,Axixá do Tocantins,1
"Calagem, Consórcio, Recuperação de pastagens, Adubação",Degradação Média,Nova Olinda,1
"Reaproveitamento de residuos, Rotação de Cultura, Calagem, Adubação",,Barrolândia,1
"Rotação de Cultura, Adubação",Não possui degradação,Piraquê,1
"Rotação de Cultura, Aceiros, Consórcio",Degradação Média,Praia Norte,1
"Adubação verde, Aceiros, Calagem, Recuperação de pastagens, Adubação",Pouco degradado,Paraíso do Tocantins,1
"Rotação de Cultura, Descarte correto de embalagens",Pouco degradado,Bandeirantes do Tocantins,1
"Rotação de Cultura, Aceiros, Adubação",Não possui degradação,Dianópolis,1
"Consórcio, Recuperação de pastagens",Pouco degradado,Cariri do Tocantins,1
"Reaproveitamento de residuos, Rotação de Cultura, Aceiros, Consórcio, Descarte correto de embalagens, Recuperação de pastagens, Plantio direto, Adubação",Não possui degradação,Araguatins,1
"Aceiros, Calagem, Recuperação de pastagens, Plantio direto",Degradação Média,Piraquê,1
"Aceiros, Recuperação de pastagens",Degradação Média,Chapada da Natividade,1
Não Usa,Não possui degradação,Alvorada,1
"Aceiros, Calagem, Adubação",,Miranorte,1
"Reaproveitamento de residuos, Plantio direto, Adubação",Degradação Média,Nova Rosalândia,1
"Reaproveitamento de residuos, Aceiros, Recuperação de pastagens, Adubação",Pouco degradado,Rio dos Bois,1
"Reaproveitamento de residuos, Aceiros, Calagem, Plantio direto, Adubação",Não possui degradação,Divinópolis do Tocantins,1
"Aceiros, Calagem, Adubação",Não possui degradação,Rio Sono,1
"Aceiros, Adubação",Pouco degradado,Santa Terezinha do Tocantins,1
"Aceiros, Adubação",,Carmolândia,1
"Curva de nível, Reaproveitamento de residuos, Calagem, Consórcio, Adubação",,Dianópolis,1
"Aceiros, Calagem",,Porto Nacional,1
Aceiros,,Aragominas,1
Aceiros,Não possui degradação,Sucupira,1
"Descarte correto de embalagens, Plantio direto",Não possui degradação,Itaporã do Tocantins,1
"Rotação de Cultura, Aceiros, Calagem, Adubação",,Ponte Alta do Bom Jesus,1
Adubação,,Alvorada,1
"Reaproveitamento de residuos, Calagem, Adubação",,Wanderlândia,1
"Adubação verde, Reaproveitamento de residuos, Calagem, Adubação",,Nova Rosalândia,1
"Aceiros, Adubação",Pouco degradado,Paraíso do Tocantins,1
"Rotação de Cultura, Aceiros, Calagem",Degradação Média,Talismã,1
"Aceiros, Calagem, Recuperação de pastagens, Adubação",Pouco degradado,Peixe,1
Plantio direto,Pouco degradado,Rio Sono,1
"Aceiros, Adubação",,Miranorte,1
Plantio direto,Pouco degradado,Cristalândia,1
Adubação,Pouco degradado,Peixe,1
"Calagem, Adubação",Degradação Média,Aliança do Tocantins,1
Rotação de Cultura,Pouco degradado,Paranã,1
"Calagem, Adubação",,Abreulândia,1
"Calagem, Adubação",,Filadélfia,1
"Reaproveitamento de residuos, Rotação de Cultura, Aceiros, Calagem, Adubação",,São Miguel do Tocantins,1
"Reaproveitamento de residuos, Aceiros, Adubação",Não possui degradação,Aurora do Tocantins,1
"Adubação verde, Reaproveitamento de residuos, Rotação de Cultura",,Pugmil,1
Aceiros,Degradação Média,Aragominas,1
"Reaproveitamento de residuos, Rotação de Cultura, Aceiros, Consórcio",,Riachinho,1
Adubação,,Dianópolis,1
Aceiros,Pouco degradado,Aragominas,1
"Reaproveitamento de residuos, Aceiros, Calagem, Adubação",Não possui degradação,Colméia,1
Não Usa,,Wanderlândia,1
"Adubação verde, Aceiros, Calagem, Consórcio, Adubação",Pouco degradado,Guaraí,1
Recuperação de pastagens,Não possui degradação,Alvorada,1
Não Usa,,Chapada de Areia,1
"Rotação de Cultura, Aceiros, Calagem, Descarte correto de embalagens, Plantio direto, Adubação",,Sítio Novo do Tocantins,1
Não Usa,,Marianópolis do Tocantins,1
"Consórcio, Adubação",,Chapada de Areia,1
"Aceiros, Adubação",,Lagoa da Confusão,1
"Curva de nível, Rotação de Cultura, Aceiros, Calagem, Consórcio, Descarte correto de embalagens, Adubação",,Monte do Carmo,1
"Reaproveitamento de residuos, Rotação de Cultura, Adubação",Não possui degradação,Caseara,1
"Rotação de Cultura, Adubação",,Caseara,1
"Rotação de Cultura, Aceiros, Calagem, Adubação",,Wanderlândia,1
"Aceiros, Calagem, Adubação",,darcinópolis,1
"Calagem, Adubação",,darcinópolis,1
"Reaproveitamento de residuos, Aceiros",,Tocantínia,1
"Adubação verde, Plantio direto, Adubação",,Monte Santo do Tocantins,1
Aceiros,Degradação Média,Muricilândia,1
"Consórcio, Plantio direto, Adubação",Pouco degradado,Dianópolis,1
"Aceiros, Descarte correto de embalagens, Adubação",,Angico,1
"Rotação de Cultura, Calagem",Pouco degradado,Divinópolis do Tocantins,1
"Adubação verde, Reaproveitamento de residuos",,Caseara,1
Aceiros,Pouco degradado,Colméia,1
"Rotação de Cultura, Calagem, Adubação",,Miracema do Tocantins,1
Aceiros,Não possui degradação,Cristalândia,1
"Calagem, Adubação",Pouco degradado,Alvorada,1
"Aceiros, Calagem, Adubação",Pouco degradado,Rio Sono,1
"Aceiros, Descarte correto de embalagens, Recuperação de pastagens, Plantio direto",Pouco degradado,Barrolândia,1
"Aceiros, Adubação",Degradação Média,Dueré,1
"Aceiros, Calagem, Adubação",Degradação Média,Silvanópolis,1
"Rotação de Cultura, Aceiros, Consórcio, Plantio direto, Adubação",,Araguatins,1
Aceiros,Degradação Média,Paraíso do Tocantins,1
"Rotação de Cultura, Recuperação de pastagens",Não possui degradação,Lagoa da Confusão,1
"Curva de nível, Adubação verde, Aceiros, Calagem",Não possui degradação,Nova Olinda,1
"Rotação de Cultura, Consórcio, ILPF - Integração Lavoura Pecuária e Floresta, Recuperação de pastagens, Adubação",Não possui degradação,Dianópolis,1
"Rotação de Cultura, Aceiros, Adubação",,Tupirama,1
"Aceiros, Calagem, Adubação",,Silvanópolis,1
Não Usa,,Araguaçu,1
"Reaproveitamento de residuos, Aceiros, Calagem",Não possui degradação,Tocantínia,1
"Aceiros, Recuperação de pastagens, Adubação",Não possui degradação,Pium,1
"Adubação verde, Reaproveitamento de residuos, Calagem, Plantio direto, Adubação",Degradação Média,Nova Rosalândia,1
"Adubação verde, Aceiros",,Almas,1
"Curva de nível, Reaproveitamento de residuos, Rotação de Cultura, Aceiros, Calagem",Não possui degradação,Nova Olinda,1
Aceiros,Degradação Média,Porto Alegre do Tocantins,1
"Adubação verde, Reaproveitamento de residuos, Rotação de Cultura, Calagem, Consórcio, Adubação",Não possui degradação,Dianópolis,1
"Rotação de Cultura, Aceiros",Pouco degradado,Araguaína,1
"Aceiros, Consórcio, Adubação",Pouco degradado,Riachinho,1
"Rotação de Cultura, Aceiros, Adubação",,dois Irmãos do Tocantins,1
"Adubação verde, Reaproveitamento de residuos, Rotação de Cultura, Aceiros, Consórcio, Descarte correto de embalagens, Adubação",,Bandeirantes do Tocantins,1
"Reaproveitamento de residuos, Descarte correto de embalagens",Não possui degradação,Riachinho,1
"Reaproveitamento de residuos, Aceiros, Consórcio",Degradação Média,Dianópolis,1
"Adubação verde, Plantio direto, Adubação",,Lajeado,1
"Aceiros, Calagem, Recuperação de pastagens, Adubação",Degradação Média,Monte do Carmo,1
"Reaproveitamento de residuos, Rotação de Cultura, Calagem, Consórcio, Adubação",Pouco degradado,Aparecida do Rio Negro,1
"Aceiros, Consórcio, Adubação",Não possui degradação,,1
"Aceiros, Adubação, Não Usa",Não possui degradação,Novo Jardim,1
"Curva de nível, Adubação verde, Reaproveitamento de residuos, Rotação de Cultura, Aceiros, Calagem, Consórcio",Não possui degradação,Dianópolis,1
"Aceiros, Adubação",Muito degradado,Dueré,1
"Rotação de Cultura, Recuperação de pastagens",Não possui degradação,Paranã,1
"Adubação verde, Reaproveitamento de residuos, Calagem, Descarte correto de embalagens, Recuperação de pastagens, Plantio direto, Adubação",Pouco degradado,São Bento do Tocantins,1
"Curva de nível, Rotação de Cultura, Aceiros",Não possui degradação,Paranã,1
"Aceiros, Descarte correto de embalagens",Degradação Média,Bandeirantes do Tocantins,1
"Aceiros, Consórcio, Descarte correto de embalagens, Recuperação de pastagens",Não possui degradação,Xambioá,1
"Adubação verde, Adubação",Não possui degradação,Palmas,1
"Aceiros, Consórcio, Descarte correto de embalagens, Adubação",Não possui degradação,Santa Terezinha do Tocantins,1
Aceiros,,Monte do Carmo,1
"Aceiros, Descarte correto de embalagens",Pouco degradado,Bandeirantes do Tocantins,1
"Adubação verde, Aceiros, Calagem, Adubação",Não possui degradação,Rio dos Bois,1
Rotação de Cultura,Degradação Média,Piraquê,1
"Rotação de Cultura, Aceiros, Adubação",Pouco degradado,Araguaína,1
"Rotação de Cultura, Aceiros, Adubação",Degradação Média,Chapada de Areia,1
"Calagem, Adubação",Pouco degradado,Fátima,1
"Reaproveitamento de residuos, Rotação de Cultura, Aceiros, Calagem, Recuperação de pastagens, Adubação",Não possui degradação,Monte Santo do Tocantins,1
"Rotação de Cultura, Aceiros, Consórcio",Pouco degradado,Novo Acordo,1
"Adubação verde, Plantio direto, Adubação",Degradação Média,Nova Rosalândia,1
"Rotação de Cultura, Aceiros",Não possui degradação,Nova Olinda,1
"Rotação de Cultura, Aceiros, Calagem, Adubação",Degradação Média,Pium,1
"Reaproveitamento de residuos, Aceiros, Calagem, Adubação",Não possui degradação,dois Irmãos do Tocantins,1
Reaproveitamento de residuos,Degradação Média,Cristalândia,1
"Rotação de Cultura, Aceiros, Adubação",Pouco degradado,Pium,1
"Adubação verde, Aceiros, Calagem, Adubação",Pouco degradado,Paraíso do Tocantins,1
"Calagem, Plantio direto",Não possui degradação,Dianópolis,1
"Calagem, Adubação",Degradação Média,Araguaína,1
Adubação,Não possui degradação,Bom Jesus do Tocantins,1
Não Usa,Pouco degradado,Miranorte,1
"Aceiros, Calagem",Não possui degradação,Ananás,1
"Aceiros, Calagem, Recuperação de pastagens, Adubação",Não possui degradação,Rio Sono,1
"Adubação verde, Reaproveitamento de residuos, Rotação de Cultura, Aceiros, Descarte correto de embalagens",,Sítio Novo do Tocantins,1
"Reaproveitamento de residuos, Calagem, Descarte correto de embalagens, Adubação",Pouco degradado,Rio dos Bois,1
"Adubação verde, Aceiros, Adubação",Pouco degradado,Santa Maria do Tocantins,1
"Aceiros, Adubação",Não possui degradação,Figueirópolis,1
"Reaproveitamento de residuos, Aceiros, Adubação",Pouco degradado,dois Irmãos do Tocantins,1
"Adubação verde, Plantio direto",Pouco degradado,Dianópolis,1
"Adubação verde, Calagem, Consórcio, Plantio direto, Adubação",Não possui degradação,Dianópolis,1
"Curva de nível, Reaproveitamento de residuos, Rotação de Cultura, Aceiros, Consórcio, Descarte correto de embalagens, Recuperação de pastagens, Adubação",Não possui degradação,Almas,1
"Aceiros, Calagem, Consórcio, Adubação",Não possui degradação,Divinópolis do Tocantins,1
"Rotação de Cultura, Calagem, Adubação",,Axixá do Tocantins,1
Não Usa,Não possui degradação,Luzinópolis,1
Adubação,Não possui degradação,Dueré,1
"Adubação verde, Adubação",Degradação Média,Marianópolis do Tocantins,1
"Aceiros, Calagem, Descarte correto de embalagens, Recuperação de pastagens",Não possui degradação,Almas,1
"Aceiros, Descarte correto de embalagens, Recuperação de pastagens",Pouco degradado,Miracema do Tocantins,1
"Rotação de Cultura, Aceiros, Consórcio, Plantio direto, Adubação",Pouco degradado,Paranã,1
"Aceiros, Adubação",Pouco degradado,Pium,1
"Rotação de Cultura, Consórcio",Pouco degradado,Paranã,1
"Rotação de Cultura, Aceiros",Não possui degradação,Paranã,1
"Adubação verde, Reaproveitamento de residuos",,Chapada de Areia,1
"Rotação de Cultura, Adubação",,Monte Santo do Tocantins,1
Aceiros,Pouco degradado,Tupirama,1
Não Usa,Pouco degradado,Cristalândia,1
"Adubação verde, Plantio direto, Adubação",Não possui degradação,Araguanã,1
"Reaproveitamento de residuos, Rotação de Cultura, Aceiros",Muito degradado,Santa Fé do Araguaia,1
Aceiros,Pouco degradado,Goiatins,1
Aceiros,Pouco degradado,Marianópolis do Tocantins,1
"Aceiros, Calagem, Recuperação de pastagens, Adubação",Não possui degradação,Marianópolis do Tocantins,1
Aceiros,Pouco degradado,Aragominas,1
Aceiros,,Filadélfia,1
"Aceiros, Recuperação de pastagens, Adubação",,Barrolândia,1
"Rotação de Cultura, Adubação",,Sítio Novo do Tocantins,1
"Rotação de Cultura, Aceiros, Calagem, Recuperação de pastagens, Adubação",Pouco degradado,Cariri do Tocantins,1
"Adubação verde, Reaproveitamento de residuos, Rotação de Cultura, Calagem, Adubação",,Nova Rosalândia,1
"Aceiros, Calagem, Recuperação de pastagens, Adubação",Não possui degradação,Dianópolis,1
"Aceiros, Descarte correto de embalagens, Recuperação de pastagens, Adubação",Não possui degradação,Palmeiras do Tocantins,1
"Adubação verde, Reaproveitamento de residuos",,Caseara,1
"Aceiros, Consórcio",Pouco degradado,Aurora do Tocantins,1
"Aceiros, Adubação",Pouco degradado,Jaú do Tocantins,1
"Rotação de Cultura, Consórcio, Recuperação de pastagens, Adubação",Pouco degradado,Pium,1
"Rotação de Cultura, Aceiros, Calagem, Recuperação de pastagens, Adubação",Pouco degradado,Wanderlândia,1
"Rotação de Cultura, Aceiros, Descarte correto de embalagens, Recuperação de pastagens",Não possui degradação,Palmeiras do Tocantins,1
"Aceiros, Adubação",Pouco degradado,Novo Jardim,1
Rotação de Cultura,Degradação Média,Chapada da Natividade,1
"Reaproveitamento de residuos, Aceiros, Calagem, Descarte correto de embalagens, Adubação",Pouco degradado,Rio dos Bois,1
Aceiros,Pouco degradado,Peixe,1
Aceiros,Não possui degradação,Lagoa da Confusão,1
Aceiros,Pouco degradado,Carmolândia,1
"Curva de nível, Reaproveitamento de residuos, Recuperação de pastagens, Plantio direto",Degradação Média,Araguaçu,1
Calagem,Pouco degradado,Chapada da Natividade,1
Aceiros,Não possui degradação,Miranorte,1
Calagem,Não possui degradação,Axixá do Tocantins,1
Não Usa,Pouco degradado,Palmeirópolis,1
Rotação de Cultura,Pouco degradado,Monte Santo do Tocantins,1
Aceiros,,Sítio Novo do Tocantins,1
"Rotação de Cultura, Calagem, Adubação",,Rio dos Bois,1
Aceiros,Pouco degradado,Chapada da Natividade,1
"Aceiros, ILP - Integração Lavoura Pecuária, Recuperação de pastagens, Plantio direto",Degradação Média,Xambioá,1
Adubação verde,Degradação Média,Dianópolis,1
"Adubação verde, Aceiros, Calagem",Pouco degradado,Chapada da Natividade,1
"Aceiros, Calagem, Adubação",Pouco degradado,Peixe,1
"Adubação verde, Rotação de Cultura, Adubação",,São Miguel do Tocantins,1
"Aceiros, Calagem, Adubação",Pouco degradado,Santa Fé do Araguaia,1
"Adubação verde, Rotação de Cultura, Recuperação de pastagens",Pouco degradado,Chapada da Natividade,1
Não Usa,Pouco degradado,Araguaçu,1
Aceiros,Não possui degradação,Miracema do Tocantins,1
Aceiros,Pouco degradado,Cristalândia,1
"Aceiros, Calagem",Pouco degradado,dois Irmãos do Tocantins,1
"Adubação verde, Rotação de Cultura, Aceiros, Recuperação de pastagens, Adubação",Degradação Média,Chapada da Natividade,1
"Descarte correto de embalagens, Recuperação de pastagens, Adubação",Pouco degradado,Miracema do Tocantins,1
"Reaproveitamento de residuos, Aceiros, Calagem, Adubação",Pouco degradado,Fortaleza do Tabocão,1
"Rotação de Cultura, Aceiros, Recuperação de pastagens, Adubação",Pouco degradado,Chapada da Natividade,1
"Rotação de Cultura, Adubação",Pouco degradado,Miranorte,1
Rotação de Cultura,,Almas,1
"Aceiros, Calagem, Adubação",Pouco degradado,Santa Fé do Araguaia,1
"Aceiros, Adubação",Pouco degradado,Rio Sono,1
"Aceiros, Adubação",Pouco degradado,Chapada de Areia,1
"Rotação de Cultura, Adubação",Não possui degradação,Figueirópolis,1
"Rotação de Cultura, Calagem, Descarte correto de embalagens, Adubação",Pouco degradado,Palmeiras do Tocantins,1
"Rotação de Cultura, Calagem, Adubação",Pouco degradado,Axixá do Tocantins,1
"Rotação de Cultura, Calagem, Adubação",Pouco degradado,Axixá do Tocantins,1
"Curva de nível, Aceiros, Calagem, Adubação",Não possui degradação,São Salvador do Tocantins,1
Descarte correto de embalagens,Não possui degradação,Itaporã do Tocantins,1
Adubação verde,Pouco degradado,Chapada da Natividade,1
"Aceiros, Plantio direto, Adubação",Degradação Média,Xambioá,1
"Adubação verde, Rotação de Cultura, Plantio direto",,Porto Nacional,1
"Aceiros, Calagem, Descarte correto de embalagens, Recuperação de pastagens, Adubação",Pouco degradado,Silvanópolis,1
"Adubação verde, Aceiros, Calagem, Recuperação de pastagens, Adubação",Não possui degradação,Lajeado,1
"Aceiros, Calagem, Adubação",Não possui degradação,Divinópolis do Tocantins,1
"Rotação de Cultura, Aceiros, Descarte correto de embalagens, Adubação",Não possui degradação,Riachinho,1
OUTROS,Pouco degradado,Chapada da Natividade,1
"Aceiros, Calagem",Pouco degradado,Pium,1
"Aceiros, Recuperação de pastagens",Pouco degradado,Ponte Alta do Bom Jesus,1
"Calagem, Adubação",Pouco degradado,Pium,1
"Rotação de Cultura, Aceiros, Recuperação de pastagens",Pouco degradado,Xambioá,1
"Curva de nível, Adubação verde, Rotação de Cultura, Aceiros, Calagem, Adubação",Pouco degradado,Colméia,1
"Curva de nível, Adubação verde, Rotação de Cultura, Aceiros, Calagem, Adubação",Pouco degradado,Colméia,1
"Aceiros, Consórcio, Descarte correto de embalagens, Adubação",Não possui degradação,Araguaína,1
"Aceiros, Calagem, Adubação",Não possui degradação,Ipueiras,1
"Rotação de Cultura, Aceiros, Calagem, Adubação",,Peixe,1
"Curva de nível, Rotação de Cultura, Aceiros, Descarte correto de embalagens, Recuperação de pastagens, Adubação",Não possui degradação,Riachinho,1
"Aceiros, Calagem, Consórcio, Recuperação de pastagens, Plantio direto, Adubação",Não possui degradação,Divinópolis do Tocantins,1
"Aceiros, Calagem, Adubação",Não possui degradação,Divinópolis do Tocantins,1
"Adubação verde, Aceiros, Adubação",Não possui degradação,Miranorte,1
Não Usa,,Nova Olinda,1
Não Usa,,Pugmil,1
"Rotação de Cultura, Aceiros, Consórcio, Plantio direto",Pouco degradado,Paranã,1
"Reaproveitamento de residuos, Aceiros",Pouco degradado,Cristalândia,1
"Curva de nível, Aceiros, Calagem, Adubação",Degradação Média,São Salvador do Tocantins,1
Rotação de Cultura,Pouco degradado,Miracema do Tocantins,1
"Rotação de Cultura, Calagem, Adubação",Pouco degradado,Axixá do Tocantins,1
"Aceiros, Consórcio, Recuperação de pastagens, Adubação",Degradação Média,Lagoa da Confusão,1
Aceiros,Não possui degradação,Novo Jardim,1
"Adubação verde, Rotação de Cultura, Calagem, Adubação",Não possui degradação,Rio da Conceição,1
"Rotação de Cultura, Descarte correto de embalagens, Adubação",Não possui degradação,Ananás,1
"Reaproveitamento de residuos, Rotação de Cultura, Aceiros",,Santa Maria do Tocantins,1
"Rotação de Cultura, Aceiros, Consórcio",Pouco degradado,Lagoa da Confusão,1
"Rotação de Cultura, Aceiros, Descarte correto de embalagens",Não possui degradação,Axixá do Tocantins,1
"Rotação de Cultura, ILPF - Integração Lavoura Pecuária e Floresta, Descarte correto de embalagens",,Sítio Novo do Tocantins,1
Aceiros,Não possui degradação,Divinópolis do Tocantins,1
"Consórcio, Recuperação de pastagens, Adubação",Pouco degradado,Barrolândia,1
"Curva de nível, Aceiros",Degradação Média,São Salvador do Tocantins,1
"Reaproveitamento de residuos, Adubação",Não possui degradação,Caseara,1
"Aceiros, Recuperação de pastagens",Pouco degradado,Miracema do Tocantins,1
"Aceiros, Adubação",,Axixá do Tocantins,1
Não Usa,,Talismã,1
"Aceiros, Plantio direto, Adubação",Degradação Média,darcinópolis,1
"Rotação de Cultura, Aceiros, Descarte correto de embalagens",Não possui degradação,Palmeiras do Tocantins,1
"Rotação de Cultura, Aceiros",Pouco degradado,Xambioá,1
"Calagem, Consórcio, Adubação",Degradação Média,Crixás do Tocantins,1
"Reaproveitamento de residuos, Rotação de Cultura, Aceiros, Consórcio, Plantio direto, Adubação",,Babaçulândia,1
"Aceiros, Recuperação de pastagens",Não possui degradação,Araguaçu,1
"Rotação de Cultura, Aceiros, Plantio direto, Adubação",Não possui degradação,Riachinho,1
"Aceiros, Calagem, Recuperação de pastagens, Adubação",Degradação Média,Marianópolis do Tocantins,1
"Plantio direto, Adubação",Não possui degradação,Dianópolis,1
"Aceiros, Adubação",Não possui degradação,Figueirópolis,1
"Aceiros, Adubação",Pouco degradado,Piraquê,1
"Reaproveitamento de residuos, Rotação de Cultura, Aceiros, Calagem, Consórcio, Adubação",,Guaraí,1
"Aceiros, Calagem, Adubação",Pouco degradado,Santa Fé do Araguaia,1
"Adubação verde, Aceiros, Adubação",Pouco degradado,Caseara,1
"Aceiros, Calagem, Adubação",Pouco degradado,Santa Fé do Araguaia,1
"Rotação de Cultura, Aceiros",Não possui degradação,Piraquê,1
"Rotação de Cultura, Calagem, Consórcio, Adubação",,Paraíso do Tocantins,1
"Rotação de Cultura, Calagem, Adubação",,São Miguel do Tocantins,1
"Aceiros, Calagem, Adubação",Não possui degradação,Araguaína,1
"Aceiros, Calagem, Adubação",Degradação Média,Aliança do Tocantins,1
"Reaproveitamento de residuos, Aceiros, Calagem, Recuperação de pastagens",Pouco degradado,Rio dos Bois,1
"Rotação de Cultura, Aceiros",,Wanderlândia,1
"Rotação de Cultura, Aceiros, Consórcio, Plantio direto",,Paranã,1
"Aceiros, Calagem, Adubação",Pouco degradado,Piraquê,1
Não Usa,Não possui degradação,Dianópolis,1
"Curva de nível, Rotação de Cultura, Aceiros, Calagem",Pouco degradado,Cariri do Tocantins,1
"Aceiros, Plantio direto",,Carmolândia,1
"Adubação verde, Rotação de Cultura",,Dianópolis,1
Aceiros,Pouco degradado,Aragominas,1
"Rotação de Cultura, Aceiros, ILP - Integração Lavoura Pecuária, Recuperação de pastagens, Plantio direto",Degradação Média,Xambioá,1
"Rotação de Cultura, Aceiros, Calagem, Consórcio, Descarte correto de embalagens, Recuperação de pastagens, Adubação",Não possui degradação,Luzinópolis,1
Aceiros,Não possui degradação,Paraíso do Tocantins,1
Aceiros,Pouco degradado,Cristalândia,1
"Reaproveitamento de residuos, Plantio direto, Adubação",,Nova Rosalândia,1
"Rotação de Cultura, Aceiros, Calagem, Adubação",Degradação Média,Cariri do Tocantins,1
Aceiros,,Santa Terezinha do Tocantins,1
"Aceiros, Calagem",Muito degradado,Santa Rita do Tocantins,1
Calagem,Não possui degradação,Abreulândia,1
Aceiros,Não possui degradação,Caseara,1
"Aceiros, Adubação",Pouco degradado,Wanderlândia,1
Aceiros,Não possui degradação,Miracema do Tocantins,1
"Aceiros, Calagem, Descarte correto de embalagens, Recuperação de pastagens",Não possui degradação,Wanderlândia,1
"Aceiros, Recuperação de pastagens",Degradação Média,Nova Olinda,1
Aceiros,Pouco degradado,Aragominas,1
Adubação verde,,Silvanópolis,1
"Rotação de Cultura, Aceiros, Calagem, Recuperação de pastagens, Plantio direto",Pouco degradado,Riachinho,1
"Rotação de Cultura, Aceiros",,Talismã,1
"Aceiros, Recuperação de pastagens, Adubação",,darcinópolis,1
Não Usa,Muito degradado,Marianópolis do Tocantins,1
"Adubação verde, Rotação de Cultura, Plantio direto, Adubação",Degradação Média,Xambioá,1
"Rotação de Cultura, Calagem, Adubação",Pouco degradado,Miranorte,1
"Reaproveitamento de residuos, Rotação de Cultura, Aceiros",,Riachinho,1
"Adubação verde, Rotação de Cultura, Plantio direto, Adubação",Pouco degradado,Araguanã,1
"Rotação de Cultura, Aceiros",,Axixá do Tocantins,1
"Rotação de Cultura, Calagem, ILP - Integração Lavoura Pecuária, Recuperação de pastagens, Adubação",Pouco degradado,Dianópolis,1
"Reaproveitamento de residuos, Aceiros, Adubação",Não possui degradação,Marianópolis do Tocantins,1
"Aceiros, Calagem, Adubação",Pouco degradado,Paraíso do Tocantins,1
"Calagem, Adubação",Pouco degradado,Miranorte,1
Aceiros,,Paraíso do Tocantins,1
Adubação,Muito degradado,Aliança do Tocantins,1
"Aceiros, Descarte correto de embalagens, Recuperação de pastagens",Pouco degradado,Miracema do Tocantins,1
"Consórcio, Adubação",,Porto Nacional,1
Não Usa,Degradação Média,Crixás do Tocantins,1
"Aceiros, Calagem, Descarte correto de embalagens, Recuperação de pastagens, Adubação",Pouco degradado,Fortaleza do Tabocão,1
"Adubação verde, Aceiros",Não possui degradação,Palmas,1
"Reaproveitamento de residuos, Aceiros",Pouco degradado,Filadélfia,1
"Rotação de Cultura, Aceiros, Calagem, Plantio direto, Adubação",Não possui degradação,Riachinho,1
Aceiros,Degradação Média,Araguanã,1
Calagem,Não possui degradação,Dianópolis,1
"Rotação de Cultura, Aceiros, Recuperação de pastagens, Adubação",,Peixe,1
"Aceiros, Calagem, Recuperação de pastagens, Adubação",Pouco degradado,Barrolândia,1
Aceiros,,Caseara,1
"Rotação de Cultura, Plantio direto",Não possui degradação,Esperantina,1
"Aceiros, Adubação",Pouco degradado,Paraíso do Tocantins,1
"Reaproveitamento de residuos, Rotação de Cultura, Aceiros",Não possui degradação,Centenário,1
"Aceiros, Calagem, Recuperação de pastagens",Pouco degradado,Silvanópolis,1
"Reaproveitamento de residuos, Aceiros, Descarte correto de embalagens, Recuperação de pastagens, Plantio direto, Adubação",Pouco degradado,Divinópolis do Tocantins,1
"Aceiros, Descarte correto de embalagens, Recuperação de pastagens, Adubação",Pouco degradado,Miracema do Tocantins,1
"Rotação de Cultura, Descarte correto de embalagens, Adubação",,darcinópolis,1
"Aceiros, Calagem",Não possui degradação,Miranorte,1
"Rotação de Cultura, Aceiros, Adubação",Pouco degradado,Xambioá,1
"Aceiros, Recuperação de pastagens, Plantio direto",Pouco degradado,Barrolândia,1
"Calagem, Adubação",Degradação Média,Fátima,1
"Calagem, Adubação",Pouco degradado,Gurupi,1
"Rotação de Cultura, Aceiros, Recuperação de pastagens, Plantio direto",Pouco degradado,Babaçulândia,1
"Aceiros, Calagem, Adubação",Pouco degradado,Miracema do Tocantins,1
"Aceiros, Calagem, Descarte correto de embalagens, Recuperação de pastagens",Pouco degradado,Goiatins,1
"Reaproveitamento de residuos, Aceiros, Calagem, Adubação",Pouco degradado,Rio dos Bois,1
"Adubação verde, Rotação de Cultura, Calagem, Adubação",,São Miguel do Tocantins,1
"Aceiros, Calagem, Adubação",Pouco degradado,Monte Santo do Tocantins,1
Não Usa,Não possui degradação,Guaraí,1
"Calagem, Adubação",Não possui degradação,Axixá do Tocantins,1
Aceiros,Pouco degradado,Piraquê,1
"Aceiros, Plantio direto",Pouco degradado,Pium,1
Adubação,Degradação Média,Divinópolis do Tocantins,1
"Aceiros, Calagem",Não possui degradação,Aparecida do Rio Negro,1
"Reaproveitamento de residuos, Aceiros, Calagem, Recuperação de pastagens, Adubação",Pouco degradado,Fortaleza do Tabocão,1
"Rotação de Cultura, Aceiros, Recuperação de pastagens, Plantio direto",Pouco degradado,Babaçulândia,1
Aceiros,Degradação Média,Angico,1
Aceiros,Não possui degradação,Dianópolis,1
"Reaproveitamento de residuos, Rotação de Cultura, Aceiros, Consórcio, Descarte correto de embalagens, Recuperação de pastagens, Plantio direto, Adubação",Pouco degradado,Paranã,1
"Reaproveitamento de residuos, Rotação de Cultura, Aceiros, Calagem, Consórcio, Descarte correto de embalagens, Recuperação de pastagens",Pouco degradado,Cachoeirinha,1
"Aceiros, Calagem",Não possui degradação,Cristalândia,1
Recuperação de pastagens,Degradação Média,Luzinópolis,1
"Aceiros, Calagem, Adubação",,São Salvador do Tocantins,1
Aceiros,Degradação Média,Miracema do Tocantins,1
"Aceiros, Plantio direto",Não possui degradação,Carmolândia,1
"Adubação verde, Rotação de Cultura, Aceiros, Calagem, Adubação",,Wanderlândia,1
Aceiros,,Axixá do Tocantins,1
"Rotação de Cultura, Aceiros",,Axixá do Tocantins,1
"Aceiros, Calagem, Adubação",Degradação Média,Santa Fé do Araguaia,1
"Rotação de Cultura, Aceiros",Pouco degradado,Piraquê,1
"Aceiros, Adubação",Pouco degradado,Tocantínia,1
"Rotação de Cultura, Consórcio",Pouco degradado,Tocantínia,1
"Aceiros, Calagem, Adubação",Não possui degradação,Rio Sono,1
"Rotação de Cultura, Aceiros",Pouco degradado,Chapada da Natividade,1
"Rotação de Cultura, Aceiros, Consórcio, Descarte correto de embalagens, Adubação",Degradação Média,Bandeirantes do Tocantins,1
"Aceiros, Calagem",Pouco degradado,Nova Olinda,1
Aceiros,Degradação Média,Monte Santo do Tocantins,1
Adubação,,Gurupi,1
Aceiros,Muito degradado,Novo Acordo,1
"Aceiros, Consórcio, Descarte correto de embalagens, Recuperação de pastagens, Adubação",Pouco degradado,Xambioá,1
Aceiros,Degradação Média,São Miguel do Tocantins,1
"Rotação de Cultura, Aceiros, Consórcio, Descarte correto de embalagens",Pouco degradado,Novo Acordo,1
"Aceiros, Descarte correto de embalagens, Recuperação de pastagens",Não possui degradação,Piraquê,1
"Adubação verde, Rotação de Cultura, Aceiros, Calagem, Consórcio, Descarte correto de embalagens, Adubação",Degradação Média,Ipueiras,1
"Rotação de Cultura, Aceiros, Calagem",Pouco degradado,Piraquê,1
"Rotação de Cultura, Aceiros, Consórcio, Adubação",Degradação Média,Angico,1
"Rotação de Cultura, Aceiros, Consórcio, Recuperação de pastagens, Adubação",Degradação Média,Angico,1
"Rotação de Cultura, Aceiros, Calagem",Pouco degradado,Goiatins,1
"Calagem, Adubação",Pouco degradado,Aurora do Tocantins,1
Não Usa,Degradação Média,Marianópolis do Tocantins,1
"Adubação verde, Plantio direto",,Pugmil,1
"Adubação verde, Aceiros",Não possui degradação,Lagoa da Confusão,1
"Rotação de Cultura, Plantio direto, Adubação",,Miracema do Tocantins,1
"Rotação de Cultura, Adubação",,dois Irmãos do Tocantins,1
"Aceiros, Calagem, Adubação",,dois Irmãos do Tocantins,1
"Calagem, Adubação",,Miracema do Tocantins,1
"Adubação verde, Aceiros",,Pedro Afonso,1
Não Usa,Pouco degradado,Miracema do Tocantins,1
Aceiros,,Rio Sono,1
Aceiros,Pouco degradado,Gurupi,1
Aceiros,Não possui degradação,Rio Sono,1
"Aceiros, Descarte correto de embalagens, Recuperação de pastagens, Plantio direto",Degradação Média,Miracema do Tocantins,1
"Rotação de Cultura, Calagem, Adubação",,Silvanópolis,1
"Rotação de Cultura, Aceiros, Recuperação de pastagens, Adubação",,Palmeiras do Tocantins,1
"Aceiros, Descarte correto de embalagens",,Palmeiras do Tocantins,1
"Reaproveitamento de residuos, Aceiros, Calagem, Adubação",,darcinópolis,1
"Adubação verde, Adubação",,Porto Nacional,1
"Curva de nível, Aceiros, Calagem, Recuperação de pastagens, Plantio direto, Adubação",Não possui degradação,Almas,1
Não Usa,,Silvanópolis,1
Rotação de Cultura,,São Miguel do Tocantins,1
"Aceiros, Calagem, Adubação",Pouco degradado,Divinópolis do Tocantins,1
"Aceiros, Consórcio",,Tocantínia,1
"Adubação verde, Não Usa",,Chapada de Areia,1
"Rotação de Cultura, Aceiros, Descarte correto de embalagens",,Filadélfia,1
"Curva de nível, Adubação verde, Reaproveitamento de residuos, Rotação de Cultura, Aceiros, Descarte correto de embalagens, Plantio direto, Adubação",,Araguatins,1
"Reaproveitamento de residuos, Aceiros",Não possui degradação,Almas,1
Plantio direto,Degradação Média,Nova Rosalândia,1
Adubação,Pouco degradado,Almas,1
"Aceiros, Adubação",Pouco degradado,Figueirópolis,1
"Adubação verde, Calagem, Adubação",,Esperantina,1
"Adubação verde, Rotação de Cultura, Calagem, Plantio direto, Adubação",,Rio da Conceição,1
"Aceiros, Calagem, Adubação",,Ponte Alta do Bom Jesus,1
"Curva de nível, Aceiros, Calagem, Adubação",,Palmeirópolis,1
"Adubação verde, Reaproveitamento de residuos, Aceiros, Consórcio",,Cristalândia,1
"Rotação de Cultura, Aceiros, Calagem, Plantio direto, Adubação",,Abreulândia,1
"Adubação verde, Plantio direto",,Lajeado,1
"Curva de nível, Adubação verde, Reaproveitamento de residuos, Rotação de Cultura, Aceiros, Calagem, Consórcio, Descarte correto de embalagens, Recuperação de pastagens, Plantio direto, Adubação",Não possui degradação,Araguatins,1
Aceiros,Não possui degradação,Rio Sono,1
"Calagem, Adubação",Não possui degradação,Miracema do Tocantins,1
Aceiros,Pouco degradado,Pium,1
Aceiros,Pouco degradado,Sucupira,1
"Reaproveitamento de residuos, Rotação de Cultura, Calagem, Adubação",,Paraíso do Tocantins,1
"Aceiros, Calagem, Consórcio",Não possui degradação,Aliança do Tocantins,1
"Calagem, Adubação",Não possui degradação,Miranorte,1
Aceiros,Degradação Média,Filadélfia,1
"Rotação de Cultura, Aceiros, Calagem, Recuperação de pastagens, Adubação",Não possui degradação,Axixá do Tocantins,1
Não Usa,,Lagoa da Confusão,1
Calagem,Não possui degradação,Divinópolis do Tocantins,1
"Aceiros, Adubação",Pouco degradado,Chapada da Natividade,1
"Aceiros, Recuperação de pastagens",Degradação Média,Sítio Novo do Tocantins,1
Adubação,,São Miguel do Tocantins,1
"Rotação de Cultura, Adubação",Pouco degradado,Peixe,1
"Rotação de Cultura, Calagem, Adubação",,Miranorte,1
"Rotação de Cultura, Aceiros, Adubação",,Barrolândia,1
"Reaproveitamento de residuos, Aceiros, Adubação",,Araguaína,1
"Aceiros, Consórcio",,Ananás,1
"Reaproveitamento de residuos, Aceiros, Adubação",Pouco degradado,Aurora do Tocantins,1
"Aceiros, Calagem, Adubação",Não possui degradação,Novo Jardim,1
"Aceiros, Calagem, Adubação",,,1
"Rotação de Cultura, Calagem, Plantio direto, Adubação",,Rio da Conceição,1
"Rotação de Cultura, Plantio direto, Adubação",,Rio da Conceição,1
"Aceiros, Adubação",Pouco degradado,dois Irmãos do Tocantins,1
"Aceiros, Calagem, Recuperação de pastagens, Adubação",Pouco degradado,Chapada de Areia,1
Não Usa,,Marianópolis do Tocantins,1
"Curva de nível, Reaproveitamento de residuos, Rotação de Cultura, Aceiros, Calagem, Descarte correto de embalagens, Recuperação de pastagens, Plantio direto, Adubação",Não possui degradação,Divinópolis do Tocantins,1
"Aceiros, Adubação",Não possui degradação,Cristalândia,1
Aceiros,Pouco degradado,Gurupi,1
"Aceiros, Calagem",Não possui degradação,Miranorte,1
"Aceiros, Calagem, Adubação",Degradação Média,Silvanópolis,1
"Aceiros, Calagem",,Aragominas,1
"Plantio direto, Adubação",Não possui degradação,Chapada de Areia,1
"Recuperação de pastagens, Adubação",Pouco degradado,Cachoeirinha,1
"Aceiros, Adubação",Pouco degradado,Abreulândia,1
Calagem,,Dianópolis,1
"Rotação de Cultura, Aceiros, Consórcio, Plantio direto",Degradação Média,Paranã,1
"Plantio direto, Adubação",Pouco degradado,Bom Jesus do Tocantins,1
"Aceiros, Calagem",Degradação Média,Jaú do Tocantins,1
Não Usa,Pouco degradado,Bandeirantes do Tocantins,1
"Aceiros, Descarte correto de embalagens",Degradação Média,Santa Terezinha do Tocantins,1
"Rotação de Cultura, Consórcio",,Tocantínia,1
"Aceiros, Adubação",Pouco degradado,dois Irmãos do Tocantins,1
Adubação,,Caseara,1
"Rotação de Cultura, Aceiros, Calagem, Adubação",Não possui degradação,Araguaína,1
"Reaproveitamento de residuos, Aceiros, Calagem, Adubação",Não possui degradação,Colméia,1
Adubação,Muito degradado,Filadélfia,1
"Aceiros, Calagem, Recuperação de pastagens",Pouco degradado,Ipueiras,1
"Rotação de Cultura, Aceiros, Calagem, Descarte correto de embalagens",Degradação Média,Ponte Alta do Bom Jesus,1
"Rotação de Cultura, Adubação",,Nova Rosalândia,1
"Aceiros, Adubação",,Dianópolis,1
"Rotação de Cultura, Aceiros, Consórcio, Descarte correto de embalagens, Adubação",,Dianópolis,1
"Rotação de Cultura, Aceiros, Calagem, Consórcio, ILP - Integração Lavoura Pecuária, Recuperação de pastagens, Plantio direto, Adubação",Pouco degradado,Pugmil,1
"Rotação de Cultura, Aceiros, Calagem, Consórcio, Descarte correto de embalagens, Adubação",,Palmeiras do Tocantins,1
"Rotação de Cultura, Aceiros, Calagem, Consórcio, Descarte correto de embalagens, Adubação",,Palmeiras do Tocantins,1
"Descarte correto de embalagens, Adubação",Pouco degradado,Jaú do Tocantins,1
"Aceiros, Descarte correto de embalagens, Adubação",,Palmeiras do Tocantins,1
"Aceiros, Calagem, Adubação",Degradação Média,Jaú do Tocantins,1
"Adubação verde, Aceiros",Não possui degradação,Araguanã,1
"Adubação verde, Reaproveitamento de residuos, Rotação de Cultura, Aceiros, Calagem, Consórcio, Recuperação de pastagens, Adubação",Pouco degradado,Couto Magalhães,1
"Aceiros, Adubação",,Aguiarnópolis,1
"Adubação verde, Rotação de Cultura, Aceiros, Calagem, Adubação",,dois Irmãos do Tocantins,1
"Aceiros, Calagem, Adubação",,Wanderlândia,1
"Aceiros, Calagem",,Wanderlândia,1
"Reaproveitamento de residuos, Rotação de Cultura, Aceiros, Adubação",,Bom Jesus do Tocantins,1
"Reaproveitamento de residuos, Rotação de Cultura, Aceiros",,Pedro Afonso,1
"Aceiros, Adubação",Não possui degradação,Pium,1
"Adubação verde, Aceiros, Calagem, Adubação",,Palmas,1
Não Usa,,Tocantínia,1
"Aceiros, Calagem, Adubação",Não possui degradação,Caseara,1
"Curva de nível, Adubação verde, Plantio direto, Adubação",,Palmas,1
Aceiros,Pouco degradado,Jaú do Tocantins,1
"Aceiros, Recuperação de pastagens, Adubação",Pouco degradado,Barrolândia,1
Consórcio,Não possui degradação,Filadélfia,1
Aceiros,,Monte do Carmo,1
"Aceiros, Calagem, Plantio direto",Pouco degradado,Silvanópolis,1
"Adubação verde, Reaproveitamento de residuos",,Paraíso do Tocantins,1
Aceiros,Degradação Média,Cristalândia,1
"Aceiros, Calagem, Adubação",Não possui degradação,Dianópolis,1
"Adubação verde, Reaproveitamento de residuos, Adubação",Não possui degradação,Caseara,1
"Adubação verde, Reaproveitamento de residuos, Aceiros, Descarte correto de embalagens, Recuperação de pastagens, Plantio direto, Adubação",,Esperantina,1
"Aceiros, Adubação",Não possui degradação,Rio dos Bois,1
"Aceiros, Consórcio",Pouco degradado,Ananás,1
Não Usa,,Monte Santo do Tocantins,1
Aceiros,,Dianópolis,1
"Rotação de Cultura, Aceiros, Descarte correto de embalagens, Adubação",Não possui degradação,Itaguatins,1
"Curva de nível, Aceiros",Não possui degradação,São Salvador do Tocantins,1
"Reaproveitamento de residuos, Rotação de Cultura, Plantio direto, Adubação",Degradação Média,Nova Rosalândia,1
"Aceiros, Calagem",Não possui degradação,Rio dos Bois,1
"Aceiros, Calagem",Não possui degradação,Rio Sono,1
Não Usa,,Miracema do Tocantins,1
"Calagem, Consórcio, ILP - Integração Lavoura Pecuária, Recuperação de pastagens",Pouco degradado,Aliança do Tocantins,1
"Aceiros, Consórcio, Descarte correto de embalagens, Recuperação de pastagens, Plantio direto",Pouco degradado,Paranã,1
"Aceiros, Calagem",Não possui degradação,Ponte Alta do Bom Jesus,1
Não Usa,,Porto Nacional,1
"Rotação de Cultura, Aceiros, Consórcio",,Tocantínia,1
"Adubação verde, Reaproveitamento de residuos, Rotação de Cultura, Aceiros, Consórcio, Recuperação de pastagens, Plantio direto",Degradação Média,Babaçulândia,1
Aceiros,,Praia Norte,1
"Aceiros, Calagem",Não possui degradação,dois Irmãos do Tocantins,1
"Reaproveitamento de residuos, Rotação de Cultura, Aceiros, Calagem, Adubação",,Piraquê,1
"Adubação verde, Rotação de Cultura, Aceiros, Calagem, Adubação",,dois Irmãos do Tocantins,1
"Reaproveitamento de residuos, Rotação de Cultura, Aceiros",,Tupirama,1
"Reaproveitamento de residuos, Aceiros",,Araguaína,1
"Rotação de Cultura, Aceiros",,Santa Maria do Tocantins,1
"Adubação verde, Rotação de Cultura, Aceiros, Recuperação de pastagens, Plantio direto",Não possui degradação,Palmas,1
"Curva de nível, Adubação verde, Reaproveitamento de residuos, Rotação de Cultura, Aceiros, Calagem, Consórcio, Plantio direto, Adubação",Não possui degradação,Dianópolis,1
"Rotação de Cultura, Aceiros, Adubação",Não possui degradação,Caseara,1
"Rotação de Cultura, Plantio direto, Adubação",Pouco degradado,Araguanã,1
"Reaproveitamento de residuos, Calagem, Consórcio, Adubação",Degradação Média,Nova Rosalândia,1
"Aceiros, Não Usa",Muito degradado,Filadélfia,1
"Aceiros, Calagem",Pouco degradado,Ponte Alta do Bom Jesus,1
"Rotação de Cultura, Aceiros, Calagem, Consórcio, Descarte correto de embalagens, Adubação",,Luzinópolis,1
"Aceiros, Adubação",Não possui degradação,Cristalândia,1
"Reaproveitamento de residuos, Aceiros, Calagem",Pouco degradado,Cristalândia,1
"Aceiros, Adubação",Não possui degradação,Novo Jardim,1
Aceiros,Pouco degradado,Cristalândia,1
"Reaproveitamento de residuos, Rotação de Cultura, Aceiros, Calagem, Consórcio, Adubação",,Guaraí,1
Aceiros,Degradação Média,Ponte Alta do Bom Jesus,1
Rotação de Cultura,Não possui degradação,Paranã,1
"Aceiros, Adubação",,Peixe,1
"Reaproveitamento de residuos, Rotação de Cultura, Aceiros, Calagem, Consórcio, Adubação",Pouco degradado,Pugmil,1
"Aceiros, Calagem, Plantio direto, Adubação",Não possui degradação,Miranorte,1
Adubação,,Pium,1
"Adubação verde, Reaproveitamento de residuos, Rotação de Cultura, Aceiros, Calagem, Plantio direto, Adubação",Não possui degradação,Cristalândia,1
Não Usa,Não possui degradação,Dianópolis,1
Aceiros,Não possui degradação,Carmolândia,1
"Aceiros, Descarte correto de embalagens, Plantio direto, Adubação",Degradação Média,Palmeiras do Tocantins,1
"Reaproveitamento de residuos, Rotação de Cultura, Consórcio, Adubação",Não possui degradação,Nova Olinda,1
"Adubação verde, Reaproveitamento de residuos, Rotação de Cultura, Aceiros, Consórcio, Plantio direto, Adubação",,Babaçulândia,1
"Reaproveitamento de residuos, Rotação de Cultura, Aceiros, Adubação",,Almas,1
"Aceiros, Calagem, Recuperação de pastagens",Pouco degradado,Silvanópolis,1
Aceiros,Não possui degradação,Cristalândia,1
"Aceiros, Calagem, Adubação",Pouco degradado,dois Irmãos do Tocantins,1
"Rotação de Cultura, Aceiros, Calagem",,Nova Olinda,1
"Reaproveitamento de residuos, Rotação de Cultura, Aceiros, Calagem, Consórcio, Adubação",,Nova Olinda,1
"Descarte correto de embalagens, Adubação",Pouco degradado,Miracema do Tocantins,1
"Aceiros, Descarte correto de embalagens, Recuperação de pastagens, Adubação",Pouco degradado,Filadélfia,1
"Reaproveitamento de residuos, Rotação de Cultura, Aceiros, Consórcio, Descarte correto de embalagens, Recuperação de pastagens, Plantio direto, Adubação",Pouco degradado,Paranã,1
"Adubação verde, Calagem, Adubação",,Esperantina,1
Aceiros,,Monte do Carmo,1
"Aceiros, Calagem, Adubação",Degradação Média,Muricilândia,1
"Curva de nível, Adubação verde, Reaproveitamento de residuos, Rotação de Cultura, Aceiros, Calagem, Consórcio, Adubação",,Nova Olinda,1
"Rotação de Cultura, Aceiros, Calagem, Consórcio, Adubação",Pouco degradado,Itaguatins,1
"Rotação de Cultura, Consórcio, Descarte correto de embalagens, Adubação",,Angico,1
"Reaproveitamento de residuos, Rotação de Cultura, Aceiros, Calagem, Consórcio, Adubação",Pouco degradado,Paraíso do Tocantins,1
Aceiros,Não possui degradação,Dianópolis,1
"Curva de nível, Adubação verde, Reaproveitamento de residuos, Rotação de Cultura, Aceiros, Calagem, Consórcio, Adubação",Não possui degradação,Nova Olinda,1
"Adubação verde, Reaproveitamento de residuos, Aceiros, Descarte correto de embalagens",Não possui degradação,Araguatins,1
"Rotação de Cultura, Aceiros, Calagem, Adubação",,Wanderlândia,1
"Rotação de Cultura, Aceiros",,Tocantínia,1
"Adubação verde, Calagem, Consórcio, Adubação",Pouco degradado,Dianópolis,1
"Reaproveitamento de residuos, Aceiros, Calagem, Consórcio, Adubação",Degradação Média,Nova Olinda,1
"Adubação verde, Rotação de Cultura, Calagem, Adubação",Muito degradado,Rio da Conceição,1
Plantio direto,Muito degradado,Chapada de Areia,1
"Rotação de Cultura, Aceiros, Calagem, Recuperação de pastagens",Pouco degradado,Goiatins,1
"Adubação verde, Reaproveitamento de residuos, Rotação de Cultura, Aceiros, Consórcio, ILPF - Integração Lavoura Pecuária e Floresta, ILP - Integração Lavoura Pecuária, Recuperação de pastagens, Plantio direto,",Não possui degradação,Esperantina,1
Calagem,Não possui degradação,Axixá do Tocantins,1
Calagem,Não possui degradação,Axixá do Tocantins,1
"Aceiros, Calagem, Adubação",Degradação Média,Fátima,1
"Adubação verde, Reaproveitamento de residuos, Rotação de Cultura, Aceiros, Calagem, Descarte correto de embalagens, Recuperação de pastagens, Plantio direto, Adubação",Pouco degradado,Couto Magalhães,1
"Adubação verde, Reaproveitamento de residuos, Rotação de Cultura, Aceiros, Consórcio, Plantio direto",,Babaçulândia,1
"Reaproveitamento de residuos, Aceiros, Consórcio",,Ananás,1
"Adubação verde, Reaproveitamento de residuos, Aceiros, Descarte correto de embalagens, Adubação",Pouco degradado,Fortaleza do Tabocão,1
"Aceiros, Recuperação de pastagens",Não possui degradação,Filadélfia,1
"Adubação verde, Rotação de Cultura, Aceiros, Recuperação de pastagens, Plantio direto",Pouco degradado,Babaçulândia,1
Aceiros,Não possui degradação,Pium,1
"Rotação de Cultura, Aceiros, Calagem, Descarte correto de embalagens, Adubação",,Palmeiras do Tocantins,1
Aceiros,Pouco degradado,Rio Sono,1
"Aceiros, Calagem, Plantio direto, Adubação",Pouco degradado,Figueirópolis,1
"Adubação verde, Aceiros, Calagem, Adubação",,Palmeirópolis,1
"Curva de nível, Adubação verde, Reaproveitamento de residuos, Rotação de Cultura, Aceiros, Calagem, Consórcio",Pouco degradado,Dianópolis,1
"Reaproveitamento de residuos, Rotação de Cultura, Aceiros, Consórcio",,Nova Olinda,1
"Aceiros, Adubação",Não possui degradação,Dianópolis,1
Descarte correto de embalagens,Não possui degradação,Ananás,1
"Aceiros, Descarte correto de embalagens, Recuperação de pastagens, Adubação",Degradação Média,Bandeirantes do Tocantins,1
"Adubação verde, Rotação de Cultura, Aceiros, Recuperação de pastagens",Pouco degradado,Paranã,1
"Rotação de Cultura, Aceiros, Calagem, Consórcio, Descarte correto de embalagens, Recuperação de pastagens, Adubação",Não possui degradação,Luzinópolis,1
Aceiros,Não possui degradação,Aragominas,1
"Rotação de Cultura, Calagem, Consórcio, Plantio direto, Adubação",Não possui degradação,Chapada de Areia,1
"Adubação verde, Reaproveitamento de residuos, Rotação de Cultura, Aceiros, Adubação",Pouco degradado,Gurupi,1
"Rotação de Cultura, Aceiros, Consórcio",Não possui degradação,Angico,1
Aceiros,Não possui degradação,Dianópolis,1
"Reaproveitamento de residuos, Rotação de Cultura, Aceiros, Adubação",Não possui degradação,Bom Jesus do Tocantins,1
Plantio direto,Não possui degradação,Chapada de Areia,1
Rotação de Cultura,Não possui degradação,Caseara,1
Consórcio,,Palmas,1
"Adubação verde, Aceiros",Pouco degradado,Bom Jesus do Tocantins,1
Adubação,,Filadélfia,1
"Reaproveitamento de residuos, Rotação de Cultura, Calagem, Consórcio",Pouco degradado,Araguaçu,1
"Adubação verde, Reaproveitamento de residuos, Rotação de Cultura, Aceiros, Calagem, Consórcio, ILPF - Integração Lavoura Pecuária e Floresta, ILP - Integração Lavoura Pecuária, Descarte correto de embalagens, Recuperação de pastagens, Plantio direto, Adubação",Não possui degradação,Araguatins,1
"Reaproveitamento de residuos, Aceiros, Calagem, Adubação",Pouco degradado,Nova Olinda,1
"Adubação verde, Plantio direto, Adubação",,Palmas,1
Não Usa,,Alvorada,1
"Adubação verde, Reaproveitamento de residuos, Rotação de Cultura, Calagem, Adubação",Degradação Média,Nova Rosalândia,1
"Adubação verde, Plantio direto, Adubação",,Pedro Afonso,1
"Reaproveitamento de residuos, Rotação de Cultura, Aceiros",,Tupirama,1
Aceiros,Pouco degradado,Tocantínia,1
"Aceiros, Plantio direto, Adubação",Pouco degradado,Santa Maria do Tocantins,1
"Reaproveitamento de residuos, Aceiros",,Sítio Novo do Tocantins,1
"Aceiros, Calagem, Adubação",Não possui degradação,Miranorte,1
"Aceiros, Calagem, Adubação",Pouco degradado,dois Irmãos do Tocantins,1
"Adubação verde, Aceiros, Plantio direto, Adubação",Não possui degradação,Bom Jesus do Tocantins,1
Curva de nível,,Nova Olinda,1
Rotação de Cultura,Não possui degradação,Paranã,1
"Calagem, Recuperação de pastagens, Adubação",Degradação Média,Fátima,1
"Adubação verde, Rotação de Cultura",Não possui degradação,Paranã,1
"Aceiros, Calagem, Adubação",Pouco degradado,Divinópolis do Tocantins,1
Adubação verde,,Pedro Afonso,1
"Adubação verde, Reaproveitamento de residuos, Rotação de Cultura, Aceiros",,Tupirama,1
"Aceiros, Calagem, Adubação",,Fátima,1
"Aceiros, Adubação",Não possui degradação,,1
"Reaproveitamento de residuos, Aceiros, Calagem, Adubação",Pouco degradado,dois Irmãos do Tocantins,1
"Reaproveitamento de residuos, Rotação de Cultura, Aceiros, Consórcio, Adubação",,Itaguatins,1
"Aceiros, Calagem, Adubação",,Palmas,1
"Aceiros, Calagem, Consórcio",,Nova Olinda,1
"Rotação de Cultura, Calagem, Adubação",,Palmeirópolis,1
"Rotação de Cultura, Aceiros, Adubação",,Nova Olinda,1
"Adubação verde, Rotação de Cultura, Aceiros",,Esperantina,1
"Adubação verde, Reaproveitamento de residuos, Rotação de Cultura, Aceiros, Calagem, Adubação",,Caseara,1
"Aceiros, Calagem, Adubação",Pouco degradado,dois Irmãos do Tocantins,1
"Adubação verde, Aceiros, Plantio direto",,Palmas,1
"Aceiros, Recuperação de pastagens, Adubação",Não possui degradação,Miracema do Tocantins,1
"Adubação verde, Reaproveitamento de residuos, Rotação de Cultura, Aceiros, Calagem, Adubação",Pouco degradado,Couto Magalhães,1
"Adubação verde, Rotação de Cultura, Calagem, Recuperação de pastagens, Plantio direto, Adubação",Degradação Média,Dianópolis,1
"Rotação de Cultura, Aceiros, Calagem, Adubação",Não possui degradação,Pium,1
"Reaproveitamento de residuos, Aceiros, Adubação",Pouco degradado,dois Irmãos do Tocantins,1
"Rotação de Cultura, Calagem, ILPF - Integração Lavoura Pecuária e Floresta",Não possui degradação,Paranã,1
Calagem,Degradação Média,Santa Rita do Tocantins,1
"Curva de nível, Aceiros",Degradação Média,Nova Olinda,1
"Aceiros, Calagem",Pouco degradado,Santa Rita do Tocantins,1
"Calagem, Adubação",Pouco degradado,Fátima,1
"Reaproveitamento de residuos, Rotação de Cultura, Aceiros, Consórcio, Adubação, Apiário",Pouco degradado,Araguaína,1
"Aceiros, Recuperação de pastagens, Adubação",Degradação Média,Araguaína,1
Não Usa,Não possui degradação,Caseara,1
Rotação de Cultura,Não possui degradação,Itaguatins,1
"Aceiros, Calagem",Pouco degradado,Fátima,1
"Reaproveitamento de residuos, Aceiros, ILP - Integração Lavoura Pecuária",Não possui degradação,Nova Olinda,1
"Adubação verde, Rotação de Cultura",,Paranã,1
"Aceiros, Calagem, Recuperação de pastagens",Não possui degradação,Dianópolis,1
"Adubação verde, Reaproveitamento de residuos, Rotação de Cultura, Aceiros, Calagem, Adubação",,dois Irmãos do Tocantins,1
"Rotação de Cultura, Aceiros, Adubação",Pouco degradado,Nova Olinda,1
Aceiros,,Porto Nacional,1
"Aceiros, Consórcio, Adubação",Pouco degradado,darcinópolis,1
"Reaproveitamento de residuos, Rotação de Cultura, Aceiros, Calagem, Consórcio, Recuperação de pastagens, Adubação",Degradação Média,Nova Olinda,1
"Aceiros, Calagem, Adubação",Pouco degradado,Santa Rita do Tocantins,1
"Rotação de Cultura, Aceiros, Consórcio, Adubação",Pouco degradado,Novo Acordo,1
"Adubação verde, Aceiros",,Pedro Afonso,1
"Reaproveitamento de residuos, Aceiros, Calagem, Adubação",Pouco degradado,Divinópolis do Tocantins,1
"Adubação verde, Calagem",Pouco degradado,Miracema do Tocantins,1
"Aceiros, Plantio direto, Adubação",Não possui degradação,Pedro Afonso,1
"Curva de nível, Rotação de Cultura, Aceiros, Consórcio, Adubação",,Nova Olinda,1
Rotação de Cultura,,Paranã,1
"Reaproveitamento de residuos, Rotação de Cultura, Aceiros",,Luzinópolis,1
"Plantio direto, Adubação",,Miracema do Tocantins,1
Aceiros,,Dianópolis,1
"Rotação de Cultura, Plantio direto, Adubação",,Xambioá,1
Não Usa,,Paraíso do Tocantins,1
"Adubação verde, Reaproveitamento de residuos, Plantio direto, Adubação",,Couto Magalhães,1
Aceiros,Pouco degradado,Nova Olinda,1
"Curva de nível, Adubação verde, Reaproveitamento de residuos, Consórcio, Recuperação de pastagens",,Palmas,1
"Adubação verde, Aceiros, Consórcio",Pouco degradado,Araguaína,1
"Reaproveitamento de residuos, Aceiros, Adubação",Pouco degradado,Araguaína,1
"Reaproveitamento de residuos, Rotação de Cultura, Aceiros, Calagem, Adubação",Degradação Média,Dianópolis,1
"Aceiros, Calagem, Adubação",Degradação Média,Cariri do Tocantins,1
Adubação,Degradação Média,Aragominas,1
"Aceiros, Recuperação de pastagens",Pouco degradado,Divinópolis do Tocantins,1
Não Usa,Não possui degradação,Divinópolis do Tocantins,1
Não Usa,,Dianópolis,1
"Aceiros, Recuperação de pastagens",Não possui degradação,Palmeiras do Tocantins,1
Calagem,Pouco degradado,Miracema do Tocantins,1
