area_da_propriedade__hectares__,atividade_produtiva,Record Count
20 - 50 ha,Bovinocultura de corte,58
20 - 50 ha,"Bovinocultura de corte, Avicultura",38
50 - 100 ha,Bovinocultura de corte,29
20 - 50 ha,Bovinocultura de Leite,27
20 - 50 ha,"Bovinocultura de corte, Avicultura, Suinocultura",25
20 - 50 ha,"Bovinocultura de corte, Avicultura, Mandiocultura",18
20 - 50 ha,"Bovinocultura de corte, Mandiocultura",16
20 - 50 ha,"Bovinocultura de corte, Avicultura, Suinocultura, Mandiocultura",15
100 - 200 ha,Bovinocultura de corte,14
10 - 20 ha,Bovinocultura de corte,12
20 - 50 ha,"Bovinocultura de Leite, Avicultura",12
20 - 50 ha,"Bovinocultura mista (Touro - com características de corte, vaca - cruzada, principais produtos comercializados - bezerros e leite) -",11
20 - 50 ha,Olericultura,10
10 - 20 ha,Avicultura,9
20 - 50 ha,"Bovinocultura mista (Touro - com características de corte, vaca - cruzada, principais produtos comercializados - bezerros e leite) -, Avicultura",9
10 - 20 ha,Bovinocultura de Leite,9
20 - 50 ha,Avicultura,9
1 - 5 ha,Mandiocultura,9
20 - 50 ha,"Bovinocultura de corte, Avicultura, Mandiocultura, Culturas Anuais",9
20 - 50 ha,"Bovinocultura de corte, Bovinocultura de Leite",8
10 - 20 ha,"Avicultura, Olericultura",8
1 - 5 ha,Olericultura,8
20 - 50 ha,"Bovinocultura mista (Touro - com características de corte, vaca - cruzada, principais produtos comercializados - bezerros e leite) -, Avicultura, Suinocultura",8
20 - 50 ha,Fruticultura,7
20 - 50 ha,"Avicultura, Suinocultura",7
10 - 20 ha,"Bovinocultura de corte, Avicultura",7
10 - 20 ha,Mandiocultura,7
10 - 20 ha,Olericultura,6
Até 1 ha,Olericultura,6
50 - 100 ha,"Bovinocultura de corte, Avicultura, Suinocultura",6
50 - 100 ha,"Bovinocultura de corte, Avicultura, Mandiocultura",6
20 - 50 ha,"Bovinocultura de corte, Avicultura, Suinocultura, Mandiocultura, Culturas Anuais",6
5 - 10 ha,Bovinocultura de corte,6
50 - 100 ha,"Bovinocultura de corte, Avicultura",5
10 - 20 ha,"Bovinocultura de corte, Avicultura, Suinocultura, Mandiocultura",5
20 - 50 ha,"Bovinocultura mista (Touro - com características de corte, vaca - cruzada, principais produtos comercializados - bezerros e leite) -, Avicultura, Suinocultura, Mandiocultura, Culturas Anuais",5
Até 1 ha,Pisicultura,5
50 - 100 ha,"Bovinocultura mista (Touro - com características de corte, vaca - cruzada, principais produtos comercializados - bezerros e leite) -",5
20 - 50 ha,"Bovinocultura de corte, Avicultura, Suinocultura, Mandiocultura, Fruticultura",5
5 - 10 ha,Fruticultura,5
Até 1 ha,"Avicultura, Olericultura",5
1 - 5 ha,"Avicultura, Mandiocultura, Culturas Anuais",5
50 - 100 ha,Bovinocultura de Leite,5
10 - 20 ha,Fruticultura,5
20 - 50 ha,"Bovinocultura de corte, Bovinocultura de Leite, Avicultura",5
100 - 200 ha,"Bovinocultura de corte, Avicultura",5
10 - 20 ha,"Avicultura, Mandiocultura, Fruticultura",4
100 - 200 ha,"Bovinocultura mista (Touro - com características de corte, vaca - cruzada, principais produtos comercializados - bezerros e leite) -, Avicultura, Suinocultura, Mandiocultura",4
20 - 50 ha,"Avicultura, Mandiocultura",4
20 - 50 ha,"Avicultura, Mandiocultura, Culturas Anuais",4
10 - 20 ha,"Bovinocultura de Leite, Mandiocultura",4
20 - 50 ha,"Bovinocultura de corte, Fruticultura",4
20 - 50 ha,"Bovinocultura de corte, Avicultura, Culturas Anuais",4
1 - 5 ha,Bovinocultura de corte,4
5 - 10 ha,Mandiocultura,4
20 - 50 ha,"Bovinocultura mista (Touro - com características de corte, vaca - cruzada, principais produtos comercializados - bezerros e leite) -, Avicultura, Mandiocultura",4
50 - 100 ha,Fruticultura,4
20 - 50 ha,Mandiocultura,4
1 - 5 ha,Avicultura,4
20 - 50 ha,"Bovinocultura de Leite, Mandiocultura",4
10 - 20 ha,"Avicultura, Mandiocultura",4
1 - 5 ha,"Mandiocultura, Olericultura",4
50 - 100 ha,"Bovinocultura de corte, Avicultura, Suinocultura, Mandiocultura, Fruticultura",4
20 - 50 ha,"Bovinocultura mista (Touro - com características de corte, vaca - cruzada, principais produtos comercializados - bezerros e leite) -, Avicultura, Suinocultura, Mandiocultura",4
20 - 50 ha,"Bovinocultura mista (Touro - com características de corte, vaca - cruzada, principais produtos comercializados - bezerros e leite) -, Avicultura, Suinocultura, Mandiocultura, Fruticultura, Culturas Anuais",3
10 - 20 ha,"Bovinocultura mista (Touro - com características de corte, vaca - cruzada, principais produtos comercializados - bezerros e leite) -, Avicultura, Suinocultura, Fruticultura",3
1 - 5 ha,"Avicultura, Suinocultura",3
20 - 50 ha,"Bovinocultura de corte, Bovinocultura de Leite, Avicultura, Suinocultura",3
20 - 50 ha,"Bovinocultura de corte, Avicultura, Suinocultura, Pisicultura",3
10 - 20 ha,"Avicultura, Suinocultura, Mandiocultura",3
20 - 50 ha,"Bovinocultura de Leite, Avicultura, Suinocultura, Mandiocultura, Culturas Anuais",3
5 - 10 ha,Olericultura,3
100 - 200 ha,"Bovinocultura de corte, Avicultura, Suinocultura",3
1 - 5 ha,"Avicultura, Mandiocultura, Fruticultura, Olericultura",3
20 - 50 ha,"Bovinocultura de corte, Avicultura, Suinocultura, Culturas Anuais",3
100 - 200 ha,"Bovinocultura de corte, Bovinocultura mista (Touro - com características de corte, vaca - cruzada, principais produtos comercializados - bezerros e leite) -",3
5 - 10 ha,"Avicultura, Mandiocultura, Fruticultura, Culturas Anuais",3
20 - 50 ha,"Bovinocultura de corte, Avicultura, Fruticultura",3
1 - 5 ha,"Bovinocultura de corte, Avicultura",3
20 - 50 ha,"Avicultura, Mandiocultura, Fruticultura, Culturas Anuais",3
Até 1 ha,Mandiocultura,3
50 - 100 ha,"Bovinocultura de Leite, Avicultura, Suinocultura",3
1 - 5 ha,"Mandiocultura, Culturas Anuais",3
20 - 50 ha,"Bovinocultura mista (Touro - com características de corte, vaca - cruzada, principais produtos comercializados - bezerros e leite) -, Avicultura, Olericultura, Culturas Anuais",3
50 - 100 ha,"Bovinocultura de corte, Avicultura, Apicultura/meliponicultura",3
50 - 100 ha,"Bovinocultura de corte, Avicultura, Mandiocultura, Culturas Anuais",3
10 - 20 ha,"Bovinocultura de corte, Avicultura, Mandiocultura",3
10 - 20 ha,"Bovinocultura de corte, Avicultura, Suinocultura",3
20 - 50 ha,"Bovinocultura mista (Touro - com características de corte, vaca - cruzada, principais produtos comercializados - bezerros e leite) -, Mandiocultura, Olericultura",3
20 - 50 ha,"Bovinocultura de Leite, Avicultura, Suinocultura",3
20 - 50 ha,"Bovinocultura de Leite, Avicultura, Olericultura",3
20 - 50 ha,"Bovinocultura mista (Touro - com características de corte, vaca - cruzada, principais produtos comercializados - bezerros e leite) -, Avicultura, Mandiocultura, Fruticultura",3
20 - 50 ha,"Bovinocultura mista (Touro - com características de corte, vaca - cruzada, principais produtos comercializados - bezerros e leite) -, Avicultura, Mandiocultura, Culturas Anuais",3
50 - 100 ha,"Bovinocultura mista (Touro - com características de corte, vaca - cruzada, principais produtos comercializados - bezerros e leite) -, Avicultura",3
20 - 50 ha,"Avicultura, Mandiocultura, Extrativismo Vegetal",3
20 - 50 ha,"Bovinocultura de Leite, Avicultura, Suinocultura, Mandiocultura",3
10 - 20 ha,"Bovinocultura de Leite, Avicultura",3
20 - 50 ha,"Avicultura, Culturas Anuais",3
Até 1 ha,"Avicultura, Fruticultura",3
20 - 50 ha,"Bovinocultura de corte, Mandiocultura, Fruticultura",3
5 - 10 ha,Bovinocultura de Leite,3
20 - 50 ha,"Avicultura, Mandiocultura, Fruticultura, Olericultura",3
1 - 5 ha,"Mandiocultura, Fruticultura, Olericultura",3
20 - 50 ha,"Bovinocultura mista (Touro - com características de corte, vaca - cruzada, principais produtos comercializados - bezerros e leite) -, Mandiocultura, Fruticultura, Culturas Anuais",3
50 - 100 ha,"Bovinocultura de corte, Bovinocultura de Leite, Avicultura, Suinocultura",3
20 - 50 ha,"Bovinocultura mista (Touro - com características de corte, vaca - cruzada, principais produtos comercializados - bezerros e leite) -, Mandiocultura",3
50 - 100 ha,"Bovinocultura de corte, Fruticultura",3
100 - 200 ha,"Bovinocultura de corte, Mandiocultura",2
10 - 20 ha,"Bovinocultura de Leite, Avicultura, Culturas Anuais",2
20 - 50 ha,"Mandiocultura, Fruticultura",2
10 - 20 ha,"Bovinocultura de Leite, Pisicultura",2
10 - 20 ha,"Bovinocultura de corte, Avicultura, Culturas Anuais",2
10 - 20 ha,"Bovinocultura de corte, Avicultura, Olericultura",2
20 - 50 ha,"Bovinocultura mista (Touro - com características de corte, vaca - cruzada, principais produtos comercializados - bezerros e leite) -, Avicultura, Olericultura",2
20 - 50 ha,"Bovinocultura de corte, Avicultura, Suinocultura, Mandiocultura, Fruticultura, Culturas Anuais",2
100 - 200 ha,"Avicultura, Suinocultura, Mandiocultura, Olericultura, Culturas Anuais",2
20 - 50 ha,"Bovinocultura de corte, Bovinocultura de Leite, Avicultura, Fruticultura",2
20 - 50 ha,"Avicultura, Mandiocultura, Fruticultura, Olericultura, Culturas Anuais",2
1 - 5 ha,"Avicultura, Mandiocultura, Fruticultura, Culturas Anuais",2
10 - 20 ha,"Avicultura, Mandiocultura, Olericultura",2
50 - 100 ha,"Bovinocultura de Leite, Avicultura",2
20 - 50 ha,"Mandiocultura, Olericultura",2
1 - 5 ha,"Avicultura, Mandiocultura, Olericultura",2
20 - 50 ha,"Bovinocultura mista (Touro - com características de corte, vaca - cruzada, principais produtos comercializados - bezerros e leite) -, Avicultura, Mandiocultura, Fruticultura, Olericultura",2
10 - 20 ha,"Bovinocultura de corte, Bovinocultura de Leite, Mandiocultura, Fruticultura",2
5 - 10 ha,"Bovinocultura de corte, Avicultura, Suinocultura, Fruticultura, Culturas Anuais",2
10 - 20 ha,"Avicultura, Ovinocaprinocultura, Pisicultura, Mandiocultura, Fruticultura, Olericultura",2
10 - 20 ha,"Bovinocultura de corte, Avicultura, Suinocultura, Mandiocultura, Culturas Anuais",2
50 - 100 ha,"Bovinocultura de corte, Avicultura, Suinocultura, Mandiocultura, Fruticultura, Olericultura",2
5 - 10 ha,"Avicultura, Suinocultura",2
20 - 50 ha,"Bovinocultura mista (Touro - com características de corte, vaca - cruzada, principais produtos comercializados - bezerros e leite) -, Avicultura, Mandiocultura, Fruticultura, Olericultura, Culturas Anuais",2
20 - 50 ha,"Avicultura, Mandiocultura, Fruticultura, Extrativismo Vegetal",2
10 - 20 ha,"Bovinocultura de Leite, Mandiocultura, Olericultura",2
10 - 20 ha,"Bovinocultura de corte, Avicultura, Mandiocultura, Olericultura",2
20 - 50 ha,"Bovinocultura de corte, Avicultura, Mandiocultura, Fruticultura",2
100 - 200 ha,"Bovinocultura de corte, Avicultura, Mandiocultura",2
5 - 10 ha,"Bovinocultura de corte, Avicultura, Suinocultura, Fruticultura",2
20 - 50 ha,"Bovinocultura de corte, Avicultura, Suinocultura, Olericultura",2
50 - 100 ha,"Bovinocultura de corte, Avicultura, Suinocultura, Mandiocultura, Olericultura",2
10 - 20 ha,"Avicultura, Mandiocultura, Fruticultura, Culturas Anuais",2
50 - 100 ha,"Bovinocultura de Leite, Mandiocultura",2
50 - 100 ha,"Bovinocultura mista (Touro - com características de corte, vaca - cruzada, principais produtos comercializados - bezerros e leite) -, Avicultura, Suinocultura",2
20 - 50 ha,"Pisicultura, Mandiocultura, Fruticultura, Olericultura",2
50 - 100 ha,"Avicultura, Mandiocultura, Fruticultura, Olericultura",2
Até 1 ha,"Mandiocultura, Olericultura",2
10 - 20 ha,"Bovinocultura de corte, Fruticultura, Olericultura",2
50 - 100 ha,"Bovinocultura de corte, Avicultura, Fruticultura",2
20 - 50 ha,"Bovinocultura de corte, Bovinocultura de Leite, Bovinocultura mista (Touro - com características de corte, vaca - cruzada, principais produtos comercializados - bezerros e leite) -, Suinocultura",2
5 - 10 ha,"Avicultura, Olericultura",2
1 - 5 ha,"Avicultura, Pisicultura",2
20 - 50 ha,"Bovinocultura de corte, Avicultura, Pisicultura",2
Até 1 ha,Extrativismo Vegetal,2
10 - 20 ha,"Mandiocultura, Olericultura",2
5 - 10 ha,"Avicultura, Mandiocultura, Fruticultura, Olericultura, Culturas Anuais",2
1 - 5 ha,"Avicultura, Suinocultura, Olericultura",2
20 - 50 ha,"Avicultura, Mandiocultura, Olericultura",2
10 - 20 ha,"Bovinocultura de corte, Avicultura, Suinocultura, Mandiocultura, Fruticultura",2
10 - 20 ha,"Bovinocultura de Leite, Avicultura, Pisicultura, Mandiocultura, Culturas Anuais",2
20 - 50 ha,"Avicultura, Suinocultura, Mandiocultura",2
200 - 320 ha,"Bovinocultura de corte, Avicultura, Suinocultura",2
100 - 200 ha,"Bovinocultura de corte, Avicultura, Suinocultura, Mandiocultura, Fruticultura",2
1 - 5 ha,"Mandiocultura, Fruticultura",2
20 - 50 ha,"Bovinocultura de Leite, Avicultura, Mandiocultura, Fruticultura",2
1 - 5 ha,"Bovinocultura de corte, Mandiocultura",2
1 - 5 ha,"Avicultura, Suinocultura, Fruticultura, Extrativismo Vegetal",2
20 - 50 ha,"Avicultura, Suinocultura, Mandiocultura, Fruticultura, Culturas Anuais",2
100 - 200 ha,"Bovinocultura de corte, Avicultura, Mandiocultura, Culturas Anuais",2
50 - 100 ha,"Bovinocultura de corte, Mandiocultura",2
5 - 10 ha,"Avicultura, Olericultura, Culturas Anuais",2
1 - 5 ha,"Avicultura, Olericultura",2
10 - 20 ha,"Bovinocultura de Leite, Culturas Anuais",2
20 - 50 ha,"Bovinocultura mista (Touro - com características de corte, vaca - cruzada, principais produtos comercializados - bezerros e leite) -, Avicultura, Suinocultura, Mandiocultura, Fruticultura, Olericultura, Culturas Anuais",2
20 - 50 ha,"Bovinocultura de corte, Bovinocultura de Leite, Avicultura, Olericultura",2
20 - 50 ha,"Bovinocultura de Leite, Avicultura, Suinocultura, Fruticultura, Olericultura",2
50 - 100 ha,"Bovinocultura mista (Touro - com características de corte, vaca - cruzada, principais produtos comercializados - bezerros e leite) -, Avicultura, Suinocultura, Mandiocultura, Olericultura, Culturas Anuais",2
20 - 50 ha,"Bovinocultura de corte, Mandiocultura, Culturas Anuais",2
20 - 50 ha,"Bovinocultura de Leite, Pisicultura",2
50 - 100 ha,"Bovinocultura de corte, Mandiocultura, Fruticultura",2
5 - 10 ha,Avicultura,2
1 - 5 ha,"Avicultura, Suinocultura, Mandiocultura, Olericultura",2
5 - 10 ha,"Mandiocultura, Fruticultura",2
20 - 50 ha,"Bovinocultura mista (Touro - com características de corte, vaca - cruzada, principais produtos comercializados - bezerros e leite) -, Avicultura, Suinocultura, Mandiocultura, Extrativismo Vegetal",2
20 - 50 ha,"Bovinocultura de corte, Avicultura, Ovinocaprinocultura",2
1 - 5 ha,"Avicultura, Mandiocultura, Fruticultura",2
1 - 5 ha,"Fruticultura, Olericultura",2
5 - 10 ha,"Bovinocultura mista (Touro - com características de corte, vaca - cruzada, principais produtos comercializados - bezerros e leite) -, Avicultura, Mandiocultura",2
50 - 100 ha,"Bovinocultura de corte, Bovinocultura mista (Touro - com características de corte, vaca - cruzada, principais produtos comercializados - bezerros e leite) -",2
50 - 100 ha,"Bovinocultura mista (Touro - com características de corte, vaca - cruzada, principais produtos comercializados - bezerros e leite) -, Mandiocultura, Culturas Anuais",2
Acima de 320 ha,Bovinocultura de corte,2
10 - 20 ha,"Bovinocultura de Leite, Avicultura, Mandiocultura",2
5 - 10 ha,"Bovinocultura mista (Touro - com características de corte, vaca - cruzada, principais produtos comercializados - bezerros e leite) -, Avicultura",2
1 - 5 ha,"Bovinocultura mista (Touro - com características de corte, vaca - cruzada, principais produtos comercializados - bezerros e leite) -",2
100 - 200 ha,"Bovinocultura de corte, Bovinocultura mista (Touro - com características de corte, vaca - cruzada, principais produtos comercializados - bezerros e leite) -, Mandiocultura, Culturas Anuais",2
5 - 10 ha,"Bovinocultura de corte, Avicultura, Mandiocultura",2
20 - 50 ha,"Bovinocultura mista (Touro - com características de corte, vaca - cruzada, principais produtos comercializados - bezerros e leite) -, Avicultura, Suinocultura, Culturas Anuais",2
10 - 20 ha,"Mandiocultura, Fruticultura",2
20 - 50 ha,"Bovinocultura de corte, Pisicultura",2
1 - 5 ha,"Avicultura, Pisicultura, Mandiocultura, Olericultura",2
100 - 200 ha,"Bovinocultura mista (Touro - com características de corte, vaca - cruzada, principais produtos comercializados - bezerros e leite) -, Avicultura, Mandiocultura, Culturas Anuais",2
20 - 50 ha,"Bovinocultura de Leite, Fruticultura",2
20 - 50 ha,"Avicultura, Pisicultura",2
20 - 50 ha,"Bovinocultura de corte, Bovinocultura de Leite, Avicultura, Suinocultura, Mandiocultura, Fruticultura",2
200 - 320 ha,"Bovinocultura de corte, Fruticultura",2
200 - 320 ha,"Mandiocultura, Extrativismo Vegetal",2
10 - 20 ha,"Bovinocultura mista (Touro - com características de corte, vaca - cruzada, principais produtos comercializados - bezerros e leite) -",2
50 - 100 ha,"Bovinocultura de corte, Bovinocultura de Leite, Avicultura, Suinocultura, Fruticultura, Olericultura",1
20 - 50 ha,"Avicultura, Suinocultura, Olericultura",1
1 - 5 ha,"Avicultura, Suinocultura, Mandiocultura, Fruticultura",1
5 - 10 ha,"Bovinocultura de corte, Avicultura, Suinocultura, Pisicultura",1
20 - 50 ha,"Bovinocultura de Leite, Avicultura, Mandiocultura, Fruticultura, Olericultura",1
50 - 100 ha,"Bovinocultura de corte, Avicultura, Suinocultura, Pisicultura",1
10 - 20 ha,"Bovinocultura de corte, Avicultura, Mandiocultura, Fruticultura, Olericultura",1
10 - 20 ha,"Avicultura, Suinocultura, Pisicultura, Mandiocultura, Olericultura",1
10 - 20 ha,"Bovinocultura de Leite, Avicultura, Apicultura/meliponicultura, Mandiocultura",1
50 - 100 ha,"Bovinocultura de corte, Mandiocultura, Fruticultura, Olericultura",1
20 - 50 ha,"Avicultura, Suinocultura, Mandiocultura, Fruticultura, Extrativismo Vegetal",1
20 - 50 ha,"Bovinocultura de corte, Avicultura, Pisicultura, Culturas Anuais",1
20 - 50 ha,"Bovinocultura de Leite, Avicultura, Suinocultura, Culturas Anuais",1
20 - 50 ha,"Avicultura, Mandiocultura, Culturas Anuais, Extrativismo Vegetal",1
1 - 5 ha,"Avicultura, Mandiocultura, Fruticultura, Olericultura, Culturas Anuais",1
1 - 5 ha,"Bovinocultura de corte, Avicultura, Mandiocultura, Culturas Anuais",1
1 - 5 ha,"Avicultura, Suinocultura, Pisicultura, Mandiocultura, Olericultura",1
1 - 5 ha,"Bovinocultura de corte, Avicultura, Suinocultura, Mandiocultura",1
5 - 10 ha,"Bovinocultura de corte, Avicultura, Suinocultura, Olericultura",1
50 - 100 ha,"Avicultura, Mandiocultura",1
5 - 10 ha,"Avicultura, Apicultura/meliponicultura, Mandiocultura, Fruticultura, Culturas Anuais",1
10 - 20 ha,"Bovinocultura de Leite, Avicultura, Suinocultura, Mandiocultura",1
50 - 100 ha,"Bovinocultura de corte, Avicultura, Ovinocaprinocultura, Pisicultura, Mandiocultura",1
1 - 5 ha,"Avicultura, Olericultura, Culturas Anuais",1
20 - 50 ha,"Bovinocultura de corte, Bovinocultura mista (Touro - com características de corte, vaca - cruzada, principais produtos comercializados - bezerros e leite) -, Avicultura, Suinocultura, Mandiocultura, Fruticultura, Olericultura",1
50 - 100 ha,"Bovinocultura de corte, Mandiocultura, Extrativismo Vegetal, Cupuaçu",1
50 - 100 ha,"Bovinocultura mista (Touro - com características de corte, vaca - cruzada, principais produtos comercializados - bezerros e leite) -, Avicultura, Suinocultura, Pisicultura, Mandiocultura, Fruticultura, Culturas Anuais",1
1 - 5 ha,"Avicultura, Suinocultura, Pisicultura, Mandiocultura, Culturas Anuais",1
20 - 50 ha,"Bovinocultura de corte, Avicultura, Mandiocultura, Olericultura, Culturas Anuais",1
50 - 100 ha,"Bovinocultura de corte, Avicultura, Apicultura/meliponicultura, Cana -de-açucar",1
200 - 320 ha,"Extrativismo Vegetal, PESCA",1
20 - 50 ha,Pisicultura,1
10 - 20 ha,"Avicultura, Suinocultura, Mandiocultura, Fruticultura, Culturas Anuais",1
50 - 100 ha,"Bovinocultura de corte, Avicultura, Mandiocultura, Fruticultura, Olericultura",1
Até 1 ha,"Bovinocultura de Leite, Avicultura, Mandiocultura, Fruticultura, Olericultura",1
5 - 10 ha,"Bovinocultura de Leite, Avicultura, Suinocultura, Mandiocultura, Fruticultura",1
20 - 50 ha,"Bovinocultura de corte, Avicultura, Mandiocultura, Fruticultura, Olericultura",1
20 - 50 ha,"Avicultura, Pisicultura, Olericultura",1
50 - 100 ha,"Bovinocultura mista (Touro - com características de corte, vaca - cruzada, principais produtos comercializados - bezerros e leite) -, Avicultura, Suinocultura, Mandiocultura, Fruticultura",1
50 - 100 ha,"Pisicultura, Mandiocultura",1
20 - 50 ha,"Bovinocultura de corte, Bovinocultura mista (Touro - com características de corte, vaca - cruzada, principais produtos comercializados - bezerros e leite) -, Mandiocultura, Olericultura",1
20 - 50 ha,"Bovinocultura de corte, Suinocultura",1
50 - 100 ha,"Bovinocultura de Leite, Fruticultura",1
100 - 200 ha,"Bovinocultura de corte, Fruticultura, Extrativismo Vegetal,",1
10 - 20 ha,"Bovinocultura de corte, Avicultura, Suinocultura, Fruticultura",1
1 - 5 ha,"Bovinocultura de Leite, Avicultura, Suinocultura, Olericultura",1
10 - 20 ha,"Bovinocultura de corte, Avicultura, Pisicultura, Fruticultura",1
20 - 50 ha,"Bovinocultura de corte, Avicultura, Ovinocaprinocultura, Pisicultura, Culturas Anuais",1
20 - 50 ha,"Mandiocultura, Fruticultura, Olericultura, Culturas Anuais",1
20 - 50 ha,"Mandiocultura, Fruticultura, Culturas Anuais",1
50 - 100 ha,"Avicultura, Suinocultura, Fruticultura, Culturas Anuais",1
20 - 50 ha,"Bovinocultura de Leite, Avicultura, Mandiocultura, Milho",1
100 - 200 ha,Mandiocultura,1
50 - 100 ha,"Avicultura, Fruticultura, Olericultura, Culturas Anuais",1
20 - 50 ha,"Bovinocultura de corte, Bovinocultura de Leite, Avicultura, Suinocultura, Fruticultura",1
Até 1 ha,"Avicultura, Mandiocultura, Fruticultura, Olericultura",1
20 - 50 ha,"Avicultura, Suinocultura, Mandiocultura, Fruticultura",1
1 - 5 ha,"Bovinocultura de corte, Mandiocultura, Fruticultura",1
10 - 20 ha,"Suinocultura, Mandiocultura",1
50 - 100 ha,"Bovinocultura de Leite, Avicultura, Apicultura/meliponicultura",1
50 - 100 ha,"Bovinocultura de Leite, Avicultura, Pisicultura, Mandiocultura",1
10 - 20 ha,"Avicultura, Suinocultura, Fruticultura, Culturas Anuais",1
10 - 20 ha,"Avicultura, Suinocultura, Mandiocultura, cana de açucar",1
20 - 50 ha,"Avicultura, Olericultura",1
1 - 5 ha,"Avicultura, Ovinocaprinocultura, Mandiocultura, Fruticultura",1
100 - 200 ha,"Bovinocultura de corte, Avicultura, Suinocultura, silvicultura",1
10 - 20 ha,"Bovinocultura de corte, Bovinocultura de Leite, Avicultura, Suinocultura, Mandiocultura",1
1 - 5 ha,"Bovinocultura de Leite, Fruticultura, Olericultura",1
10 - 20 ha,"Bovinocultura de Leite, Avicultura, Mandiocultura, Olericultura",1
5 - 10 ha,Culturas Anuais,1
10 - 20 ha,"Bovinocultura de corte, Mandiocultura",1
200 - 320 ha,"Bovinocultura de corte, Ovinocaprinocultura",1
1 - 5 ha,"Bovinocultura de Leite, Avicultura, Suinocultura, Mandiocultura",1
20 - 50 ha,"Avicultura, Suinocultura, Mandiocultura, Fruticultura, Culturas Anuais, Extrativismo Vegetal",1
10 - 20 ha,"Bovinocultura de Leite, Avicultura, Suinocultura, Mandiocultura, Fruticultura, Olericultura",1
10 - 20 ha,"Bovinocultura de Leite, Avicultura, Pisicultura",1
Até 1 ha,"Bovinocultura de Leite, Avicultura, Suinocultura, Mandiocultura",1
20 - 50 ha,"Bovinocultura de corte, Avicultura, Mandiocultura, Olericultura",1
100 - 200 ha,"Bovinocultura de corte, Avicultura, Suinocultura, Mandiocultura",1
1 - 5 ha,"Suinocultura, Olericultura, Culturas Anuais",1
50 - 100 ha,"Bovinocultura de corte, Pisicultura, Mandiocultura, Fruticultura",1
20 - 50 ha,"Bovinocultura de corte, Avicultura, Banana",1
10 - 20 ha,"Mandiocultura, Fruticultura, Olericultura",1
50 - 100 ha,"Bovinocultura de corte, Avicultura, Suinocultura, Mandiocultura",1
20 - 50 ha,Culturas Anuais,1
20 - 50 ha,"Olericultura, Culturas Anuais",1
10 - 20 ha,"Bovinocultura de Leite, Turismo e artesanato",1
5 - 10 ha,"Bovinocultura de Leite, Avicultura, Pisicultura, Mandiocultura, Olericultura, Culturas Anuais",1
20 - 50 ha,"Bovinocultura de corte, Avicultura, Suinocultura, Pisicultura, Mandiocultura, Culturas Anuais",1
100 - 200 ha,"Bovinocultura de corte, Extrativismo Vegetal",1
100 - 200 ha,"Bovinocultura de corte, Bovinocultura de Leite, Avicultura, Suinocultura, Ovinocaprinocultura",1
100 - 200 ha,"Avicultura, Suinocultura",1
5 - 10 ha,"Bovinocultura de corte, Mandiocultura",1
1 - 5 ha,"Avicultura, Apicultura/meliponicultura",1
20 - 50 ha,"Bovinocultura de corte, Bovinocultura de Leite, Bovinocultura mista (Touro - com características de corte, vaca - cruzada, principais produtos comercializados - bezerros e leite) -, Avicultura, Pisicultura, Mandiocultura, Fruticultura, Olericultura, Culturas Anuais, Extrativismo Vegetal",1
1 - 5 ha,"Avicultura, Extrativismo Vegetal",1
1 - 5 ha,"Mandiocultura, Olericultura, Culturas Anuais",1
50 - 100 ha,"Bovinocultura mista (Touro - com características de corte, vaca - cruzada, principais produtos comercializados - bezerros e leite) -, Avicultura, Mandiocultura, Fruticultura, Culturas Anuais, Extrativismo Vegetal",1
20 - 50 ha,"Bovinocultura de Leite, Avicultura, Suinocultura, Ovinocaprinocultura, Apicultura/meliponicultura",1
Até 1 ha,"Mandiocultura, Olericultura, Culturas Anuais",1
20 - 50 ha,"Fruticultura, Olericultura",1
20 - 50 ha,Apicultura/meliponicultura,1
1 - 5 ha,"Pisicultura, Fruticultura",1
20 - 50 ha,"Bovinocultura de Leite, Avicultura, Suinocultura, Mandiocultura, Fruticultura, Extrativismo Vegetal",1
1 - 5 ha,"Avicultura, Fruticultura",1
5 - 10 ha,"Bovinocultura de corte, Bovinocultura de Leite, Bovinocultura mista (Touro - com características de corte, vaca - cruzada, principais produtos comercializados - bezerros e leite) -, Avicultura, Mandiocultura, Fruticultura, Culturas Anuais, Extrativismo Vegetal",1
20 - 50 ha,"Bovinocultura de Leite, Bovinocultura mista (Touro - com características de corte, vaca - cruzada, principais produtos comercializados - bezerros e leite) -, Avicultura, Apicultura/meliponicultura, Mandiocultura, Culturas Anuais",1
20 - 50 ha,"Bovinocultura de corte, Bovinocultura mista (Touro - com características de corte, vaca - cruzada, principais produtos comercializados - bezerros e leite) -, Avicultura, Pisicultura, Mandiocultura, Olericultura",1
50 - 100 ha,Olericultura,1
10 - 20 ha,Suinocultura,1
5 - 10 ha,Sem atividade produtiva ainda,1
200 - 320 ha,"Bovinocultura de corte, Avicultura, Apicultura",1
50 - 100 ha,"Bovinocultura de Leite, Avicultura, Suinocultura, Pisicultura",1
100 - 200 ha,"Bovinocultura mista (Touro - com características de corte, vaca - cruzada, principais produtos comercializados - bezerros e leite) -, Avicultura, Mandiocultura, Fruticultura, Olericultura, Culturas Anuais",1
20 - 50 ha,"Bovinocultura mista (Touro - com características de corte, vaca - cruzada, principais produtos comercializados - bezerros e leite) -, Avicultura, Pisicultura, Mandiocultura, Olericultura, Culturas Anuais",1
20 - 50 ha,"Bovinocultura de corte, Avicultura, Suinocultura, Mandiocultura, Culturas Anuais, Extrativismo Vegetal",1
100 - 200 ha,"Bovinocultura de corte, Bovinocultura de Leite, Avicultura, Suinocultura, Olericultura, Culturas Anuais",1
20 - 50 ha,"Bovinocultura mista (Touro - com características de corte, vaca - cruzada, principais produtos comercializados - bezerros e leite) -, Avicultura, Mandiocultura, Culturas Anuais, Extrativismo Vegetal",1
20 - 50 ha,"Mandiocultura, Culturas Anuais",1
Acima de 320 ha,"Bovinocultura de corte, Bovinocultura de Leite",1
10 - 20 ha,"Avicultura, Pisicultura, Mandiocultura",1
5 - 10 ha,"Avicultura, Apicultura/meliponicultura, Pisicultura, Mandiocultura",1
50 - 100 ha,"Bovinocultura mista (Touro - com características de corte, vaca - cruzada, principais produtos comercializados - bezerros e leite) -, Avicultura, Suinocultura, Pisicultura, Extrativismo Vegetal",1
1 - 5 ha,"Apicultura/meliponicultura, Mandiocultura, Cana",1
20 - 50 ha,"Bovinocultura mista (Touro - com características de corte, vaca - cruzada, principais produtos comercializados - bezerros e leite) -, Avicultura, Suinocultura, Olericultura, Culturas Anuais",1
5 - 10 ha,"Bovinocultura de Leite, Avicultura, Pisicultura",1
5 - 10 ha,"Bovinocultura mista (Touro - com características de corte, vaca - cruzada, principais produtos comercializados - bezerros e leite) -",1
20 - 50 ha,"Bovinocultura de corte, Bovinocultura de Leite, Avicultura, Suinocultura, Ovinocaprinocultura, Pisicultura, Mandiocultura, Extrativismo Vegetal",1
20 - 50 ha,"Bovinocultura mista (Touro - com características de corte, vaca - cruzada, principais produtos comercializados - bezerros e leite) -, Avicultura, Pisicultura, Mandiocultura, Olericultura",1
20 - 50 ha,"Bovinocultura de corte, Bovinocultura mista (Touro - com características de corte, vaca - cruzada, principais produtos comercializados - bezerros e leite) -, Avicultura, Mandiocultura",1
20 - 50 ha,"Bovinocultura mista (Touro - com características de corte, vaca - cruzada, principais produtos comercializados - bezerros e leite) -, Suinocultura, Mandiocultura, Culturas Anuais",1
50 - 100 ha,"Mandiocultura, Culturas Anuais",1
5 - 10 ha,"Bovinocultura de corte, Avicultura, Pisicultura",1
10 - 20 ha,"Bovinocultura mista (Touro - com características de corte, vaca - cruzada, principais produtos comercializados - bezerros e leite) -, Avicultura",1
20 - 50 ha,"Bovinocultura mista (Touro - com características de corte, vaca - cruzada, principais produtos comercializados - bezerros e leite) -, Fruticultura",1
Até 1 ha,"Mandiocultura, Culturas Anuais",1
20 - 50 ha,"Bovinocultura mista (Touro - com características de corte, vaca - cruzada, principais produtos comercializados - bezerros e leite) -, Suinocultura",1
5 - 10 ha,"Bovinocultura mista (Touro - com características de corte, vaca - cruzada, principais produtos comercializados - bezerros e leite) -, Culturas Anuais",1
100 - 200 ha,"Bovinocultura de corte, Avicultura, Fruticultura",1
20 - 50 ha,"Bovinocultura de Leite, Bovinocultura mista (Touro - com características de corte, vaca - cruzada, principais produtos comercializados - bezerros e leite) -",1
1 - 5 ha,"Bovinocultura de corte, Bovinocultura mista (Touro - com características de corte, vaca - cruzada, principais produtos comercializados - bezerros e leite) -",1
20 - 50 ha,"Avicultura, Ovinocaprinocultura",1
20 - 50 ha,"Bovinocultura de corte, Avicultura, Olericultura",1
10 - 20 ha,"Bovinocultura mista (Touro - com características de corte, vaca - cruzada, principais produtos comercializados - bezerros e leite) -, Avicultura, Suinocultura",1
20 - 50 ha,"Bovinocultura mista (Touro - com características de corte, vaca - cruzada, principais produtos comercializados - bezerros e leite) -, Avicultura, Pisicultura, Mandiocultura",1
50 - 100 ha,"Bovinocultura mista (Touro - com características de corte, vaca - cruzada, principais produtos comercializados - bezerros e leite) -, Avicultura, Suinocultura, Pisicultura",1
10 - 20 ha,"Bovinocultura mista (Touro - com características de corte, vaca - cruzada, principais produtos comercializados - bezerros e leite) -, Avicultura, Pisicultura, Olericultura",1
50 - 100 ha,"Bovinocultura de corte, Bovinocultura mista (Touro - com características de corte, vaca - cruzada, principais produtos comercializados - bezerros e leite) -, Avicultura",1
20 - 50 ha,"Bovinocultura mista (Touro - com características de corte, vaca - cruzada, principais produtos comercializados - bezerros e leite) -, Avicultura, Suinocultura, Olericultura",1
20 - 50 ha,"Bovinocultura mista (Touro - com características de corte, vaca - cruzada, principais produtos comercializados - bezerros e leite) -, Culturas Anuais",1
20 - 50 ha,"Avicultura, Mandiocultura, quiabo",1
50 - 100 ha,"Bovinocultura mista (Touro - com características de corte, vaca - cruzada, principais produtos comercializados - bezerros e leite) -, Avicultura, Mandiocultura",1
50 - 100 ha,"Bovinocultura mista (Touro - com características de corte, vaca - cruzada, principais produtos comercializados - bezerros e leite) -, Apicultura/meliponicultura",1
20 - 50 ha,gado de cria,1
Até 1 ha,Bovinocultura de Leite,1
5 - 10 ha,"Bovinocultura de Leite, Avicultura",1
5 - 10 ha,"Bovinocultura de corte, Avicultura, Suinocultura",1
50 - 100 ha,"Bovinocultura mista (Touro - com características de corte, vaca - cruzada, principais produtos comercializados - bezerros e leite) -, Suinocultura, Olericultura",1
20 - 50 ha,"Bovinocultura mista (Touro - com características de corte, vaca - cruzada, principais produtos comercializados - bezerros e leite) -, Avicultura, Culturas Anuais",1
50 - 100 ha,"Bovinocultura mista (Touro - com características de corte, vaca - cruzada, principais produtos comercializados - bezerros e leite) -, Mandiocultura, Olericultura",1
50 - 100 ha,"Bovinocultura mista (Touro - com características de corte, vaca - cruzada, principais produtos comercializados - bezerros e leite) -, Avicultura, Ovinocaprinocultura",1
20 - 50 ha,"Bovinocultura mista (Touro - com características de corte, vaca - cruzada, principais produtos comercializados - bezerros e leite) -, Avicultura, Suinocultura, Mandiocultura, Fruticultura",1
20 - 50 ha,"Bovinocultura mista (Touro - com características de corte, vaca - cruzada, principais produtos comercializados - bezerros e leite) -, Avicultura, Extrativismo Vegetal",1
100 - 200 ha,"Bovinocultura de Leite, Avicultura",1
20 - 50 ha,"Avicultura, Culturas Anuais, Extrativismo Vegetal",1
50 - 100 ha,"Bovinocultura de corte, Bovinocultura mista (Touro - com características de corte, vaca - cruzada, principais produtos comercializados - bezerros e leite) -, Fruticultura",1
50 - 100 ha,"Bovinocultura de Leite, Avicultura, Mandiocultura",1
20 - 50 ha,"Bovinocultura de Leite, Avicultura, Mandiocultura",1
10 - 20 ha,"Mandiocultura, Culturas Anuais",1
10 - 20 ha,"Bovinocultura de corte, Bovinocultura de Leite, Avicultura, Mandiocultura, Fruticultura, Olericultura, Culturas Anuais",1
10 - 20 ha,"Bovinocultura mista (Touro - com características de corte, vaca - cruzada, principais produtos comercializados - bezerros e leite) -, Avicultura, Suinocultura, Olericultura",1
5 - 10 ha,"Bovinocultura mista (Touro - com características de corte, vaca - cruzada, principais produtos comercializados - bezerros e leite) -, Avicultura, Mandiocultura, Fruticultura",1
1 - 5 ha,"Bovinocultura de Leite, Avicultura",1
10 - 20 ha,"Bovinocultura mista (Touro - com características de corte, vaca - cruzada, principais produtos comercializados - bezerros e leite) -, Avicultura, Mandiocultura, Olericultura",1
10 - 20 ha,"Bovinocultura mista (Touro - com características de corte, vaca - cruzada, principais produtos comercializados - bezerros e leite) -, Avicultura, Suinocultura, Mandiocultura",1
1 - 5 ha,"Bovinocultura de corte, Avicultura, Mandiocultura",1
10 - 20 ha,"Bovinocultura mista (Touro - com características de corte, vaca - cruzada, principais produtos comercializados - bezerros e leite) -, Avicultura, Mandiocultura, Culturas Anuais",1
Acima de 320 ha,"Bovinocultura mista (Touro - com características de corte, vaca - cruzada, principais produtos comercializados - bezerros e leite) -, Apicultura/meliponicultura, Culturas Anuais",1
20 - 50 ha,"Bovinocultura mista (Touro - com características de corte, vaca - cruzada, principais produtos comercializados - bezerros e leite) -, Avicultura, Suinocultura, Mandiocultura, Olericultura, Culturas Anuais",1
10 - 20 ha,"Bovinocultura mista (Touro - com características de corte, vaca - cruzada, principais produtos comercializados - bezerros e leite) -, Suinocultura, Pisicultura, PIMENTA DO REINO",1
10 - 20 ha,"Bovinocultura de corte, Apicultura/meliponicultura",1
100 - 200 ha,Bovinocultura de Leite,1
50 - 100 ha,"Bovinocultura de corte, Bovinocultura mista (Touro - com características de corte, vaca - cruzada, principais produtos comercializados - bezerros e leite) -, Avicultura, Pisicultura",1
20 - 50 ha,"Bovinocultura de corte, Apicultura/meliponicultura",1
Até 1 ha,Avicultura,1
200 - 320 ha,Bovinocultura de corte,1
200 - 320 ha,"Bovinocultura de corte, Avicultura",1
20 - 50 ha,"Bovinocultura de corte, Avicultura, Agroindústria",1
20 - 50 ha,"Bovinocultura mista (Touro - com características de corte, vaca - cruzada, principais produtos comercializados - bezerros e leite) -, Avicultura, Suinocultura, Pisicultura, Mandiocultura, Olericultura, Culturas Anuais",1
20 - 50 ha,"Avicultura, Suinocultura, Pisicultura, Olericultura",1
20 - 50 ha,"Bovinocultura mista (Touro - com características de corte, vaca - cruzada, principais produtos comercializados - bezerros e leite) -, Avicultura, Suinocultura, Mandiocultura, Olericultura",1
50 - 100 ha,Avicultura,1
100 - 200 ha,"Bovinocultura de corte, Avicultura, Ovinocaprinocultura, Mandiocultura, Olericultura, CANA AÇUCAR",1
Até 1 ha,PESCA ARTESANAL,1
20 - 50 ha,"Bovinocultura mista (Touro - com características de corte, vaca - cruzada, principais produtos comercializados - bezerros e leite) -, Avicultura, Pisicultura, Mandiocultura, Culturas Anuais",1
50 - 100 ha,"Bovinocultura mista (Touro - com características de corte, vaca - cruzada, principais produtos comercializados - bezerros e leite) -, Avicultura, Suinocultura, Mandiocultura, Culturas Anuais",1
200 - 320 ha,"Bovinocultura de corte, Bovinocultura de Leite, Avicultura, Ovinocaprinocultura, Culturas Anuais",1
10 - 20 ha,"Bovinocultura mista (Touro - com características de corte, vaca - cruzada, principais produtos comercializados - bezerros e leite) -, Avicultura, Suinocultura, Mandiocultura, Culturas Anuais",1
1 - 5 ha,"Bovinocultura de corte, Avicultura, Suinocultura, Mandiocultura, Fruticultura",1
100 - 200 ha,"Bovinocultura de corte, Avicultura, Culturas Anuais",1
20 - 50 ha,"Bovinocultura de corte, Avicultura, Suinocultura, Mandiocultura, Olericultura, Culturas Anuais",1
50 - 100 ha,"Bovinocultura mista (Touro - com características de corte, vaca - cruzada, principais produtos comercializados - bezerros e leite) -, Avicultura, Suinocultura, Pisicultura, Fruticultura, Olericultura, Culturas Anuais, Extrativismo Vegetal",1
10 - 20 ha,"Bovinocultura de Leite, Avicultura, Fruticultura, Agroindustria",1
100 - 200 ha,"Bovinocultura mista (Touro - com características de corte, vaca - cruzada, principais produtos comercializados - bezerros e leite) -, Avicultura, Suinocultura, Mandiocultura, Fruticultura, Olericultura, Culturas Anuais, Extrativismo Vegetal",1
10 - 20 ha,"Bovinocultura mista (Touro - com características de corte, vaca - cruzada, principais produtos comercializados - bezerros e leite) -, Avicultura, Suinocultura, Mandiocultura, Extrativismo Vegetal",1
20 - 50 ha,"Bovinocultura de corte, Bovinocultura mista (Touro - com características de corte, vaca - cruzada, principais produtos comercializados - bezerros e leite) -, Avicultura, Suinocultura, Mandiocultura",1
50 - 100 ha,"Bovinocultura de corte, Bovinocultura de Leite, Mandiocultura, Fruticultura, Olericultura, Culturas Anuais, Extrativismo Vegetal",1
20 - 50 ha,"Bovinocultura de corte, Mandiocultura, Olericultura",1
20 - 50 ha,"Avicultura, Mandiocultura, Fruticultura",1
20 - 50 ha,"Bovinocultura de corte, Bovinocultura mista (Touro - com características de corte, vaca - cruzada, principais produtos comercializados - bezerros e leite) -, Avicultura, Extrativismo Vegetal",1
20 - 50 ha,"Bovinocultura de corte, Bovinocultura mista (Touro - com características de corte, vaca - cruzada, principais produtos comercializados - bezerros e leite) -, Avicultura, Mandiocultura, Culturas Anuais",1
20 - 50 ha,"Avicultura, Suinocultura, Mandiocultura, Olericultura, Culturas Anuais, Extrativismo Vegetal",1
20 - 50 ha,"Bovinocultura de corte, Avicultura, Suinocultura, Mandiocultura, Fruticultura, Extrativismo Vegetal",1
50 - 100 ha,"Bovinocultura de corte, Bovinocultura de Leite, Avicultura, Suinocultura, Apicultura/meliponicultura, Fruticultura, Olericultura, Extrativismo Vegetal",1
20 - 50 ha,"Fruticultura, Olericultura, Culturas Anuais",1
20 - 50 ha,"Bovinocultura de Leite, Pisicultura, Culturas Anuais",1
5 - 10 ha,"Avicultura, Fruticultura, Extrativismo Vegetal",1
10 - 20 ha,"Avicultura, Suinocultura, Apicultura/meliponicultura, Mandiocultura",1
100 - 200 ha,"Bovinocultura de corte, Mandiocultura, Olericultura",1
5 - 10 ha,"Bovinocultura de corte, Avicultura",1
50 - 100 ha,"Bovinocultura de corte, Bovinocultura de Leite, Avicultura, Mandiocultura, Cana-de-Açucar",1
50 - 100 ha,"Bovinocultura de corte, Avicultura, Suinocultura, Fruticultura, Culturas Anuais",1
Até 1 ha,"Bovinocultura de corte, Avicultura, Fruticultura",1
20 - 50 ha,"Mandiocultura, Fruticultura, Extrativismo Vegetal",1
200 - 320 ha,"Bovinocultura de corte, Bovinocultura de Leite, Avicultura, Suinocultura, Mandiocultura",1
1 - 5 ha,"Bovinocultura de corte, Avicultura, Pisicultura, Mandiocultura, Olericultura, Culturas Anuais, Extrativismo Vegetal",1
10 - 20 ha,"Olericultura, Extrativismo Vegetal",1
10 - 20 ha,"Avicultura, Suinocultura, Mandiocultura, Fruticultura, Olericultura",1
20 - 50 ha,"Bovinocultura de corte, Bovinocultura de Leite, Avicultura, Suinocultura, Mandiocultura",1
20 - 50 ha,"Avicultura, Suinocultura, Apicultura/meliponicultura, Mandiocultura, Fruticultura, Olericultura",1
100 - 200 ha,"Bovinocultura de corte, Bovinocultura de Leite, Avicultura, Suinocultura, Mandiocultura",1
20 - 50 ha,"Bovinocultura de corte, Avicultura, Turismo",1
200 - 320 ha,"Mandiocultura, Extrativismo Vegetal, PESCA",1
50 - 100 ha,"Bovinocultura de corte, Avicultura, Suinocultura, Mandiocultura, Fruticultura, Culturas Anuais",1
10 - 20 ha,"Bovinocultura de corte, Avicultura, Suinocultura, Ovinocaprinocultura",1
20 - 50 ha,"Bovinocultura de corte, Suinocultura, Mandiocultura",1
200 - 320 ha,"Bovinocultura mista (Touro - com características de corte, vaca - cruzada, principais produtos comercializados - bezerros e leite) -, Avicultura, Suinocultura, Mandiocultura, Olericultura, Culturas Anuais",1
1 - 5 ha,"Ovinocaprinocultura, Mandiocultura, Culturas Anuais",1
50 - 100 ha,"Bovinocultura de corte, Mandiocultura, Culturas Anuais",1
20 - 50 ha,"Mandiocultura, Culturas Anuais, Extrativismo Vegetal",1
20 - 50 ha,"Avicultura, Fruticultura, Olericultura, Culturas Anuais",1
5 - 10 ha,"Bovinocultura de Leite, Avicultura, Mandiocultura, Fruticultura, Olericultura",1
200 - 320 ha,"Bovinocultura de corte, Bovinocultura mista (Touro - com características de corte, vaca - cruzada, principais produtos comercializados - bezerros e leite) -, Avicultura, Suinocultura, Pisicultura, Mandiocultura, Culturas Anuais",1
10 - 20 ha,"Bovinocultura de Leite, Avicultura, Suinocultura",1
50 - 100 ha,"Bovinocultura de corte, Bovinocultura de Leite, Avicultura, Suinocultura, Pisicultura",1
10 - 20 ha,"Avicultura, Suinocultura, Pisicultura, Mandiocultura, Fruticultura",1
20 - 50 ha,"Bovinocultura de Leite, Avicultura, Mandiocultura, Olericultura, Extrativismo Vegetal",1
50 - 100 ha,"Avicultura, Mandiocultura, Fruticultura",1
20 - 50 ha,"Bovinocultura de Leite, Avicultura, Suinocultura, Ovinocaprinocultura, Mandiocultura",1
20 - 50 ha,"Bovinocultura de corte, Avicultura, Fruticultura, Olericultura",1
20 - 50 ha,"Bovinocultura de corte, Bovinocultura mista (Touro - com características de corte, vaca - cruzada, principais produtos comercializados - bezerros e leite) -, Avicultura, Suinocultura, Mandiocultura, Olericultura, Culturas Anuais",1
Até 1 ha,"Olericultura, Extrativismo Vegetal",1
50 - 100 ha,"Avicultura, Suinocultura, Mandiocultura, Fruticultura, Olericultura, Culturas Anuais",1
1 - 5 ha,Fruticultura,1
10 - 20 ha,"Avicultura, Mandiocultura, Culturas Anuais",1
5 - 10 ha,"Bovinocultura de Leite, Avicultura, Suinocultura, Fruticultura",1
50 - 100 ha,"Bovinocultura de corte, Avicultura, Suinocultura, Fruticultura",1
20 - 50 ha,"Avicultura, Suinocultura, Mandiocultura, Olericultura, Culturas Anuais",1
1 - 5 ha,VIVEIRO DE MUDAS,1
20 - 50 ha,"Bovinocultura de corte, Avicultura, Mandiocultura, Culturas Anuais, CANA DE AÇUCAR",1
5 - 10 ha,"Avicultura, Suinocultura, Culturas Anuais, Extrativismo Vegetal",1
20 - 50 ha,"Avicultura, Suinocultura, Mandiocultura, Extrativismo Vegetal, cultivo da mangaba",1
50 - 100 ha,"Bovinocultura mista (Touro - com características de corte, vaca - cruzada, principais produtos comercializados - bezerros e leite) -, Avicultura, Suinocultura, Pisicultura, Mandiocultura, Fruticultura, Extrativismo Vegetal",1
20 - 50 ha,"Avicultura, Suinocultura, Pisicultura, Mandiocultura, Olericultura, Culturas Anuais",1
20 - 50 ha,"Avicultura, Olericultura, Culturas Anuais",1
20 - 50 ha,"Bovinocultura de corte, Suinocultura, Mandiocultura, Fruticultura, Culturas Anuais",1
5 - 10 ha,"Avicultura, Suinocultura, Pisicultura, Mandiocultura, Fruticultura, Culturas Anuais",1
20 - 50 ha,"Avicultura, Suinocultura, Mandiocultura, Olericultura",1
5 - 10 ha,"Avicultura, Mandiocultura",1
20 - 50 ha,"Bovinocultura mista (Touro - com características de corte, vaca - cruzada, principais produtos comercializados - bezerros e leite) -, Avicultura, Mandiocultura, Fruticultura, Culturas Anuais, Extrativismo Vegetal",1
50 - 100 ha,"Bovinocultura de corte, Avicultura, Mandiocultura, Olericultura, Culturas Anuais",1
50 - 100 ha,"Bovinocultura de corte, Olericultura, Culturas Anuais",1
5 - 10 ha,"Avicultura, Fruticultura, Culturas Anuais",1
Até 1 ha,"Avicultura, Mandiocultura, Fruticultura",1
Até 1 ha,"Avicultura, Pisicultura",1
1 - 5 ha,Extrativismo Vegetal,1
10 - 20 ha,"Avicultura, Mandiocultura, Fruticultura, Olericultura, Culturas Anuais",1
5 - 10 ha,"Avicultura, Suinocultura, Mandiocultura, Olericultura, Culturas Anuais",1
50 - 100 ha,"Avicultura, Ovinocaprinocultura, Mandiocultura, Fruticultura, Olericultura",1
50 - 100 ha,"Bovinocultura de Leite, Avicultura, Suinocultura, Fruticultura, Olericultura",1
50 - 100 ha,"Bovinocultura de corte, Avicultura, Suinocultura, Fruticultura, Olericultura",1
5 - 10 ha,"Bovinocultura de corte, Avicultura, Ovinocaprinocultura, Mandiocultura, Fruticultura",1
100 - 200 ha,"Bovinocultura de corte, Pisicultura",1
100 - 200 ha,"Bovinocultura de corte, Mandiocultura, Culturas Anuais",1
1 - 5 ha,"Bovinocultura mista (Touro - com características de corte, vaca - cruzada, principais produtos comercializados - bezerros e leite) -, Avicultura, Suinocultura, Mandiocultura, Fruticultura, Olericultura",1
10 - 20 ha,"Apicultura/meliponicultura, Mandiocultura, Fruticultura, Olericultura, Culturas Anuais",1
20 - 50 ha,"Bovinocultura de corte, Avicultura, Suinocultura, Olericultura, Culturas Anuais",1
20 - 50 ha,"Apicultura/meliponicultura, Mandiocultura",1
200 - 320 ha,"Bovinocultura de corte, Avicultura, Suinocultura, Olericultura, Culturas Anuais",1
50 - 100 ha,"Bovinocultura mista (Touro - com características de corte, vaca - cruzada, principais produtos comercializados - bezerros e leite) -, Avicultura, Suinocultura, Ovinocaprinocultura, Pisicultura, Mandiocultura, Fruticultura, Olericultura, Culturas Anuais",1
5 - 10 ha,"Bovinocultura de Leite, Bovinocultura mista (Touro - com características de corte, vaca - cruzada, principais produtos comercializados - bezerros e leite) -, Avicultura, Suinocultura, Mandiocultura, Fruticultura, Culturas Anuais, Extrativismo Vegetal",1
20 - 50 ha,"Suinocultura, Pisicultura, Mandiocultura",1
20 - 50 ha,"Bovinocultura de corte, Apicultura/meliponicultura, Mandiocultura, Olericultura",1
20 - 50 ha,"Bovinocultura de corte, Bovinocultura mista (Touro - com características de corte, vaca - cruzada, principais produtos comercializados - bezerros e leite) -, Avicultura, Mandiocultura, Fruticultura, Olericultura, Culturas Anuais",1
50 - 100 ha,"Avicultura, Pisicultura, Culturas Anuais",1
50 - 100 ha,"Bovinocultura mista (Touro - com características de corte, vaca - cruzada, principais produtos comercializados - bezerros e leite) -, Avicultura, Suinocultura, Culturas Anuais",1
20 - 50 ha,"Bovinocultura mista (Touro - com características de corte, vaca - cruzada, principais produtos comercializados - bezerros e leite) -, Avicultura, Suinocultura, Fruticultura",1
50 - 100 ha,"Bovinocultura mista (Touro - com características de corte, vaca - cruzada, principais produtos comercializados - bezerros e leite) -, Avicultura, Mandiocultura, Fruticultura, Olericultura, Culturas Anuais, Extrativismo Vegetal",1
20 - 50 ha,"Bovinocultura de corte, Mandiocultura, Fruticultura, Olericultura, Extrativismo Vegetal",1
20 - 50 ha,"Suinocultura, Fruticultura",1
1 - 5 ha,"Avicultura, Fruticultura, Olericultura, Culturas Anuais",1
1 - 5 ha,"Fruticultura, Culturas Anuais",1
10 - 20 ha,"Avicultura, Suinocultura, Olericultura, Culturas Anuais",1
50 - 100 ha,"Bovinocultura de corte, Pisicultura",1
1 - 5 ha,"Bovinocultura mista (Touro - com características de corte, vaca - cruzada, principais produtos comercializados - bezerros e leite) -, Suinocultura, Pisicultura, Fruticultura, Olericultura, Culturas Anuais",1
200 - 320 ha,"Bovinocultura de corte, Avicultura, Ovinocaprinocultura",1
50 - 100 ha,"Avicultura, Mandiocultura, Olericultura",1
10 - 20 ha,"Bovinocultura de Leite, Avicultura, Apicultura/meliponicultura, Fruticultura, Olericultura",1
1 - 5 ha,"Avicultura, Culturas Anuais, Café",1
1 - 5 ha,"Avicultura, Fruticultura, Olericultura",1
Até 1 ha,"Avicultura, Mandiocultura, Olericultura, Culturas Anuais",1
50 - 100 ha,"Avicultura, Suinocultura, Fruticultura, Olericultura, Culturas Anuais, Extrativismo Vegetal",1
1 - 5 ha,"Avicultura, Suinocultura, Fruticultura",1
20 - 50 ha,"Bovinocultura mista (Touro - com características de corte, vaca - cruzada, principais produtos comercializados - bezerros e leite) -, Avicultura, Suinocultura, Pisicultura, Mandiocultura, Fruticultura",1
20 - 50 ha,"Bovinocultura de Leite, Avicultura, Suinocultura, Mandiocultura, Fruticultura, Olericultura",1
10 - 20 ha,"Bovinocultura mista (Touro - com características de corte, vaca - cruzada, principais produtos comercializados - bezerros e leite) -, Avicultura, Mandiocultura, Fruticultura, Culturas Anuais",1
10 - 20 ha,"Avicultura, Mandiocultura, Olericultura, Culturas Anuais",1
5 - 10 ha,"Bovinocultura de Leite, Olericultura",1
5 - 10 ha,"Avicultura, Mandiocultura, Olericultura, Culturas Anuais",1
50 - 100 ha,"Avicultura, Mandiocultura, Fruticultura, Olericultura, Culturas Anuais, Extrativismo Vegetal",1
20 - 50 ha,"Avicultura, Suinocultura, Mandiocultura, Culturas Anuais",1
1 - 5 ha,"Avicultura, Suinocultura, Mandiocultura, Olericultura, Culturas Anuais, Extrativismo Vegetal",1
5 - 10 ha,"Bovinocultura mista (Touro - com características de corte, vaca - cruzada, principais produtos comercializados - bezerros e leite) -, Avicultura, Suinocultura, Mandiocultura",1
20 - 50 ha,"Pisicultura, Fruticultura, Olericultura",1
Até 1 ha,"Mandiocultura, Fruticultura, Olericultura",1
50 - 100 ha,"Bovinocultura de corte, Bovinocultura de Leite, Avicultura, Suinocultura, Mandiocultura, Fruticultura, Olericultura, Culturas Anuais, Extrativismo Vegetal",1
1 - 5 ha,"Bovinocultura mista (Touro - com características de corte, vaca - cruzada, principais produtos comercializados - bezerros e leite) -, Fruticultura",1
50 - 100 ha,"Avicultura, Suinocultura, Mandiocultura, Culturas Anuais",1
10 - 20 ha,"Bovinocultura de corte, Bovinocultura de Leite, Avicultura, Suinocultura, Mandiocultura, Fruticultura, Olericultura, Culturas Anuais",1
1 - 5 ha,"Bovinocultura de corte, Bovinocultura de Leite, Avicultura, Suinocultura, Ovinocaprinocultura, Mandiocultura, Fruticultura",1
50 - 100 ha,"Bovinocultura de corte, Avicultura, Suinocultura, Ovinocaprinocultura, Fruticultura, Culturas Anuais, Extrativismo Vegetal",1
10 - 20 ha,"Fruticultura, Olericultura, Culturas Anuais",1
5 - 10 ha,"Avicultura, Suinocultura, Mandiocultura, Culturas Anuais",1
20 - 50 ha,"Bovinocultura de Leite, Olericultura",1
5 - 10 ha,"Bovinocultura de corte, Bovinocultura de Leite, Suinocultura, Mandiocultura, Fruticultura, Olericultura, Culturas Anuais, AGROINDÚSTRIA LÁCTEA",1
50 - 100 ha,"Bovinocultura mista (Touro - com características de corte, vaca - cruzada, principais produtos comercializados - bezerros e leite) -, Mandiocultura",1
20 - 50 ha,"Bovinocultura mista (Touro - com características de corte, vaca - cruzada, principais produtos comercializados - bezerros e leite) -, Mandiocultura, Fruticultura",1
20 - 50 ha,"Bovinocultura mista (Touro - com características de corte, vaca - cruzada, principais produtos comercializados - bezerros e leite) -, Fruticultura, Olericultura, Culturas Anuais",1
20 - 50 ha,"Bovinocultura de corte, Bovinocultura de Leite, Apicultura/meliponicultura, Mandiocultura, Fruticultura, Culturas Anuais",1
50 - 100 ha,"Avicultura, Suinocultura, Mandiocultura, Fruticultura, Culturas Anuais, Extrativismo Vegetal",1
5 - 10 ha,"Bovinocultura de corte, Bovinocultura de Leite, Suinocultura, Apicultura/meliponicultura, Mandiocultura, Fruticultura",1
20 - 50 ha,"Bovinocultura de corte, Avicultura, Extrativismo Vegetal",1
20 - 50 ha,"Bovinocultura de corte, Avicultura, Suinocultura, Mandiocultura, Fruticultura, Olericultura",1
50 - 100 ha,"Bovinocultura mista (Touro - com características de corte, vaca - cruzada, principais produtos comercializados - bezerros e leite) -, Avicultura, Mandiocultura, Fruticultura, Olericultura",1
20 - 50 ha,"Bovinocultura mista (Touro - com características de corte, vaca - cruzada, principais produtos comercializados - bezerros e leite) -, Avicultura, Fruticultura, Olericultura, Culturas Anuais",1
5 - 10 ha,"Bovinocultura de corte, Bovinocultura de Leite, Avicultura, Suinocultura",1
10 - 20 ha,"Bovinocultura de corte, Bovinocultura de Leite, Mandiocultura, Fruticultura, Culturas Anuais",1
1 - 5 ha,"Avicultura, Olericultura, Extrativismo Vegetal",1
50 - 100 ha,"Bovinocultura mista (Touro - com características de corte, vaca - cruzada, principais produtos comercializados - bezerros e leite) -, Avicultura, Suinocultura, Mandiocultura, Fruticultura, Olericultura",1
100 - 200 ha,"Bovinocultura de corte, Bovinocultura de Leite, Avicultura, Pisicultura",1
50 - 100 ha,"Bovinocultura de corte, Bovinocultura mista (Touro - com características de corte, vaca - cruzada, principais produtos comercializados - bezerros e leite) -, Suinocultura, Mandiocultura, Culturas Anuais",1
10 - 20 ha,"Bovinocultura de corte, Avicultura, Pisicultura, Mandiocultura, Fruticultura, Olericultura",1
20 - 50 ha,"Bovinocultura de corte, Bovinocultura de Leite, Avicultura, Ovinocaprinocultura, Fruticultura",1
20 - 50 ha,"Bovinocultura de corte, Avicultura, Suinocultura, Ovinocaprinocultura, Mandiocultura, Fruticultura, Olericultura",1
20 - 50 ha,"Bovinocultura de corte, Avicultura, Ovinocaprinocultura, Mandiocultura",1
5 - 10 ha,Apicultura/meliponicultura,1
20 - 50 ha,"Apicultura/meliponicultura, Mandiocultura, Fruticultura, Culturas Anuais, Extrativismo Vegetal",1
Até 1 ha,"Bovinocultura de Leite, Avicultura, Mandiocultura, Fruticultura, Olericultura, Culturas Anuais",1
20 - 50 ha,"Bovinocultura de Leite, Pisicultura, Mandiocultura, Milho",1
50 - 100 ha,"Bovinocultura de corte, Bovinocultura de Leite, Avicultura",1
10 - 20 ha,"Bovinocultura de Leite, Bovinocultura mista (Touro - com características de corte, vaca - cruzada, principais produtos comercializados - bezerros e leite) -, Avicultura, Suinocultura, Mandiocultura, Olericultura",1
50 - 100 ha,"Bovinocultura de corte, Bovinocultura mista (Touro - com características de corte, vaca - cruzada, principais produtos comercializados - bezerros e leite) -, Avicultura, Mandiocultura, Fruticultura, Culturas Anuais",1
50 - 100 ha,"Bovinocultura mista (Touro - com características de corte, vaca - cruzada, principais produtos comercializados - bezerros e leite) -, Avicultura, Suinocultura, Pisicultura, Mandiocultura, Olericultura, Culturas Anuais",1
100 - 200 ha,"Bovinocultura de corte, Bovinocultura de Leite, Bovinocultura mista (Touro - com características de corte, vaca - cruzada, principais produtos comercializados - bezerros e leite) -, Avicultura, Suinocultura, Fruticultura, Culturas Anuais",1
1 - 5 ha,"Bovinocultura de Leite, Apicultura/meliponicultura, Pisicultura, Fruticultura, VIVEIRO DE MUDAS FRUTÍFERAS",1
100 - 200 ha,"Bovinocultura de corte, Bovinocultura de Leite, Avicultura, Suinocultura",1
10 - 20 ha,"Bovinocultura de corte, Avicultura, Fruticultura",1
10 - 20 ha,"Avicultura, Suinocultura, Mandiocultura, Olericultura, Culturas Anuais",1
20 - 50 ha,"Bovinocultura de Leite, Avicultura, Suinocultura, Mandiocultura, Fruticultura, Culturas Anuais",1
10 - 20 ha,"Bovinocultura de Leite, Avicultura, Suinocultura, Mandiocultura, Olericultura, Culturas Anuais",1
1 - 5 ha,"Bovinocultura de corte, Avicultura, Olericultura",1
20 - 50 ha,"Bovinocultura de corte, Avicultura, Ovinocaprinocultura, Mandiocultura, Fruticultura",1
20 - 50 ha,"Avicultura, Suinocultura, Pisicultura",1
5 - 10 ha,"Mandiocultura, Fruticultura, Olericultura",1
50 - 100 ha,"Suinocultura, Mandiocultura, Fruticultura",1
50 - 100 ha,"Bovinocultura de Leite, Avicultura, Fruticultura",1
20 - 50 ha,"Bovinocultura de corte, Avicultura, Mandiocultura, Fruticultura, Olericultura, Culturas Anuais",1
10 - 20 ha,Extrativismo Vegetal,1
Até 1 ha,Apicultura/meliponicultura,1
5 - 10 ha,"Avicultura, Suinocultura, Mandiocultura",1
1 - 5 ha,Horticultura,1
50 - 100 ha,Mandiocultura,1
20 - 50 ha,"Bovinocultura de corte, Avicultura, Mandiocultura, Fruticultura, Culturas Anuais",1
Até 1 ha,"Avicultura, Mandiocultura, Olericultura",1
50 - 100 ha,"Avicultura, Suinocultura, Mandiocultura, Fruticultura",1
5 - 10 ha,"Avicultura, Suinocultura, Mandiocultura, Fruticultura",1
50 - 100 ha,"Bovinocultura de corte, Avicultura, Mandiocultura, Fruticultura",1
5 - 10 ha,"Bovinocultura de Leite, Avicultura, Ovinocaprinocultura, Mandiocultura",1
50 - 100 ha,"Avicultura, Suinocultura, Mandiocultura, Olericultura, Extrativismo Vegetal",1
50 - 100 ha,"Bovinocultura de Leite, Avicultura, Suinocultura, Mandiocultura, Fruticultura",1
20 - 50 ha,"Bovinocultura de corte, Apicultura/meliponicultura, Pisicultura, Culturas Anuais",1
1 - 5 ha,"Bovinocultura de Leite, Avicultura, Suinocultura, Mandiocultura, Culturas Anuais",1
20 - 50 ha,"Bovinocultura de corte, Avicultura, Apicultura/meliponicultura, Mandiocultura, Extrativismo Vegetal",1
1 - 5 ha,"Bovinocultura de corte, Olericultura",1
20 - 50 ha,"Bovinocultura de corte, Bovinocultura de Leite, Avicultura, Fruticultura, Culturas Anuais, Extrativismo Vegetal",1
20 - 50 ha,"Bovinocultura de Leite, Avicultura, Suinocultura, Apicultura/meliponicultura",1
20 - 50 ha,"Bovinocultura de corte, Ovinocaprinocultura, Mandiocultura",1
50 - 100 ha,"Bovinocultura de corte, Mandiocultura, Fruticultura, Olericultura, Culturas Anuais, Extrativismo Vegetal",1
50 - 100 ha,"Bovinocultura de corte, Bovinocultura de Leite, Avicultura, Suinocultura, Pisicultura, Mandiocultura, Fruticultura, Olericultura",1
20 - 50 ha,"Bovinocultura de corte, Avicultura, Pisicultura, Mandiocultura, Culturas Anuais",1
50 - 100 ha,"Bovinocultura de corte, Avicultura, Suinocultura, Mandiocultura, Fruticultura, Culturas Anuais, Extrativismo Vegetal",1
1 - 5 ha,"Bovinocultura de Leite, Avicultura, Suinocultura, Pisicultura, Mandiocultura",1
Até 1 ha,"Bovinocultura mista (Touro - com características de corte, vaca - cruzada, principais produtos comercializados - bezerros e leite) -",1
20 - 50 ha,"Pisicultura, Mandiocultura",1
100 - 200 ha,"Bovinocultura de corte, Culturas Anuais",1
20 - 50 ha,"Avicultura, Suinocultura, Ovinocaprinocultura, Mandiocultura",1
20 - 50 ha,"Bovinocultura de corte, Bovinocultura mista (Touro - com características de corte, vaca - cruzada, principais produtos comercializados - bezerros e leite) -, Avicultura",1
50 - 100 ha,"Bovinocultura mista (Touro - com características de corte, vaca - cruzada, principais produtos comercializados - bezerros e leite) -, Avicultura, Mandiocultura, Fruticultura, Extrativismo Vegetal",1
50 - 100 ha,"Bovinocultura mista (Touro - com características de corte, vaca - cruzada, principais produtos comercializados - bezerros e leite) -, Avicultura, Suinocultura, Pisicultura, Mandiocultura, Fruticultura",1
20 - 50 ha,"Bovinocultura mista (Touro - com características de corte, vaca - cruzada, principais produtos comercializados - bezerros e leite) -, Avicultura, Suinocultura, Fruticultura, Culturas Anuais, Extrativismo Vegetal",1
50 - 100 ha,"Bovinocultura de corte, Avicultura, Pisicultura, Mandiocultura, Olericultura",1
50 - 100 ha,"Bovinocultura de corte, Avicultura, Suinocultura, Pisicultura, Mandiocultura",1
20 - 50 ha,"Bovinocultura de Leite, Avicultura, Fruticultura, Olericultura, Culturas Anuais",1
50 - 100 ha,"Bovinocultura de corte, Culturas Anuais",1
10 - 20 ha,"Bovinocultura de corte, Avicultura, Suinocultura, Mandiocultura, Olericultura",1
10 - 20 ha,"Bovinocultura de corte, Avicultura, Mandiocultura, Culturas Anuais",1
1 - 5 ha,"Avicultura, Mandiocultura",1
1 - 5 ha,Ovinocaprinocultura,1
10 - 20 ha,Pisicultura,1
100 - 200 ha,Avicultura,1
20 - 50 ha,"Bovinocultura de corte, Avicultura, Suinocultura, Mandiocultura, Olericultura",1
5 - 10 ha,"Pisicultura, Mandiocultura",1
20 - 50 ha,"Apicultura/meliponicultura, Olericultura",1
5 - 10 ha,"Bovinocultura de Leite, Avicultura, Pisicultura, Mandiocultura, Culturas Anuais",1
10 - 20 ha,"Mandiocultura, Fruticultura, Extrativismo Vegetal",1
5 - 10 ha,"Avicultura, Pisicultura, Fruticultura, Olericultura",1
10 - 20 ha,"Bovinocultura de corte, Bovinocultura de Leite, Olericultura",1
20 - 50 ha,"Bovinocultura de Leite, Avicultura, Culturas Anuais",1
20 - 50 ha,"Avicultura, Suinocultura, Mandiocultura, Extrativismo Vegetal",1
20 - 50 ha,"Mandiocultura, Olericultura, Culturas Anuais",1